from,to
AK001,OR024
AK101,AK001
AL038,AL050
AL038,KY032
AL038,AL080
AL038,TN020
AL038,AL066
AR004,MO048
AR004,OK072
AR005,AR008
AR005,AR044
AR005,AR050
AR005,AR063
AR006,AR002
AR006,AR009
AR006,AR021
AR006,AR022
AR006,AR039
AR007,AR020
AR007,AR051
AR008,AR005
AR008,AR043
AR008,AR071
AR008,AR057
AR009,AR002
AR009,AR021
AR009,AR022
AR009,AR058
AR009,AR006
AR010,AR014
AR010,AR028
AR010,AR029
AR010,AR045
AR010,AR049
AR013,AR002
AR013,AR006
AR013,AR022
AR013,AR034
AR013,AR039
AR015,AR003
AR015,AR057
AR015,AR070
AR015,AR075
AR015,AR110
AR016,AR019
AR016,AR027
AR016,AR046
AR016,AR055
AR017,AR057
AR017,AR062
AR017,AR064
AR017,AR110
AR017,AR075
AR020,AR007
AR020,AR014
AR020,AR045
AR020,AR051
AR020,AR069
AR021,AR002
AR021,AR006
AR021,AR009
AR021,AR034
AR021,AR039
AR022,AR002
AR022,AR006
AR022,AR009
AR022,AR013
AR022,AR039
AR026,AR025
AR026,AR052
AR026,AR061
AR026,AR112
AR028,AR036
AR028,AR049
AR030,AR040
AR030,AR045
AR030,AR054
AR030,AR057
AR030,AR065
AR031,AR027
AR031,AR066
AR031,AR066
AR031,AR068
AR031,AR027
AR033,AL015
AR033,AR027
AR033,AR031
AR033,AR037
AR033,AR066
AR036,AR014
AR036,AR028
AR036,AR045
AR037,AR016
AR038,AR039
AR038,AR047
AR038,AR053
AR038,AR067
AR039,AR006
AR039,AR009
AR039,AR021
AR039,AR022
AR039,AR034
AR045,AR028
AR045,AR036
AR045,AR040
AR045,AR054
AR045,AR065
AR046,AR016
AR046,AR018
AR046,AR027
AR049,AR028
AR049,AR045
AR050,AR005
AR050,AR008
AR050,AR057
AR050,AR063
AR050,AR110
AR051,AR007
AR051,AR014
AR051,AR020
AR051,AR056
AR051,AR069
AR060,AR016
AR060,AR032
AR060,AR033
AR060,AR037
AR060,AR066
AR061,AR026
AR062,AR017
AR062,AR064
AR062,AR110
AR063,AR003
AR063,AR005
AR063,AR024
AR063,AR050
AR063,AR070
AR066,AR012
AR066,AR016
AR066,AR024
AR066,AR031
AR066,AR068
AR067,AR047
AR070,AR057
AR070,AR063
AR071,AR004
AR071,AR043
AR071,AR064
AZ002,AZ005
AZ002,AZ006
AZ002,AZ008
AZ002,AZ011
AZ002,AZ017
AZ006,AZ005
AZ007,AZ002
AZ007,AZ008
AZ007,AZ009
AZ007,AZ015
AZ007,AZ017
AZ008,AZ009
AZ008,AZ011
AZ008,AZ012
AZ008,AZ015
AZ008,AZ017
AZ009,AZ007
AZ009,AZ008
AZ009,AZ012
AZ009,AZ014
AZ009,AZ015
AZ010,AZ001
AZ010,AZ003
AZ010,AZ009
AZ010,AZ017
AZ011,AZ003
AZ011,AZ008
AZ011,AZ012
AZ011,AZ015
AZ011,AZ017
AZ012,AZ008
AZ012,AZ009
AZ012,AZ011
AZ014,AZ003
AZ014,AZ008
AZ014,AZ009
AZ014,AZ015
AZ014,AZ017
AZ015,AZ002
AZ015,AZ017
AZ015,AZ008
AZ015,AZ011
AZ017,IL038
AZ017,AZ012
AZ017,TX134
AZ017,AZ015
CA005,MI026
CA005,CA031
CA005,CA035
CA005,CA048
CA010,CA002
CA010,CA031
CA010,CA034
CA010,CA045
CA010,CA048
CA011,CA022
CA011,CA026
CA011,CA042
CA011,CA053
CA011,CA017
CA013,CA032
CA013,CA042
CA013,CA048
CA013,CA052
CA013,CA022
CA019,CA005
CA019,CA048
CA019,CA049
CA019,CA027
CA019,CA035
CA020,CA001
CA020,CA033
CA020,CA045
CA020,CA060
CA022,CA011
CA022,CA026
CA022,CA042
CA022,CA053
CA022,CA017
CA026,CA011
CA026,CA022
CA026,CA042
CA026,CA053
CA029,WA022
CA029,OR024
CA029,CA040
CA029,CA047
CA032,CA036
CA032,CA039
CA032,CA040
CA032,CA045
CA032,CA062
CA033,CA020
CA033,CA032
CA033,CA039
CA033,CA045
CA036,CA032
CA036,CA039
CA036,CA040
CA036,CA045
CA038,CA011
CA038,CA026
CA038,CA046
CA038,CA029
CA038,CA047
CA040,CA004
CA040,CA032
CA040,CA036
CA040,CA045
CA040,CA041
CA042,CA011
CA042,CA022
CA042,CA053
CA042,CA006
CA042,CA026
CA043,CA029
CA043,CA032
CA043,CA045
CA043,CA064
CA043,CA023
CA046,CA001
CA046,CA045
CA046,CA041
CA046,CA044
CA051,CA001
CA051,CA032
CA051,CA040
CA051,CA045
CA051,CA023
CA052,CA001
CA052,CA025
CA052,CA023
CA052,CA030
CA053,CA011
CA053,CA022
CA053,CA026
CA053,CA042
CA054,CA034
CA054,CA048
CA054,CA062
CA054,CA063
CA054,CA056
CA055,CA034
CA055,CA036
CA055,CA048
CA055,CA062
CA055,CA035
CA058,CA011
CA058,CA016
CA058,CA017
CA059,CA003
CA059,CA042
CA059,CA053
CA059,CA006
CA059,CA024
CA063,CA031
CA063,CA034
CA063,CA054
CO001,CO011
CO001,CO012
CO001,CO013
CO001,CO052
CO001,CO054
CO003,CO018
CO003,CO023
CO003,CO037
CO003,CO058
CO006,CO004
CO006,CO085
CO006,CO029
CO006,CO037
CO006,CO062
CO007,CO019
CO007,CO086
CO007,CO074
CO007,CO058
CO007,CO060
CO009,CO079
CO009,CO045
CO009,CO031
CO009,CO036
CO009,CO049
CO011,CO001
CO011,CO012
CO011,CO038
CO011,CO052
CO011,CO054
CO012,CO001
CO012,CO052
CO012,CO011
CO012,CO054
CO013,CO015
CO013,CO026
CO013,CO042
CO013,CO046
CO013,CO057
CO014,CO045
CO014,CO035
CO014,CO049
CO014,CO058
CO014,CO060
CO015,CO034
CO015,CO029
CO015,CO045
CO017,CO040
CO017,CO055
CO017,CO056
CO018,CO003
CO018,CO023
CO018,CO037
CO018,CO050
CO018,CO062
CO023,CO006
CO023,CO037
CO023,CO018
CO023,CO019
CO023,CO003
CO024,CO087
CO024,CO029
CO025,CO087
CO025,CO003
CO025,CO023
CO025,CO058
CO025,CO060
CO029,CO006
CO029,CO004
CO029,CO085
CO029,CO085
CO029,CO062
CO030,CO079
CO030,CO009
CO030,CO045
CO030,CO031
CO031,CO009
CO031,CO034
CO031,CO036
CO031,CO043
CO031,CO064
CO034,CO006
CO034,CO015
CO034,CO029
CO034,CO062
CO034,CO064
CO035,CO045
CO035,CO014
CO035,CO050
CO036,CO009
CO036,CO031
CO037,CO006
CO037,CO023
CO038,CO001
CO038,CO011
CO038,CO012
CO038,CO052
CO038,CO054
CO040,CO055
CO040,CO017
CO042,CO015
CO042,CO026
CO042,CO013
CO042,CO046
CO042,CO057
CO045,CO005
CO045,CO079
CO045,CO035
CO045,CO049
CO045,CO050
CO046,CO026
CO046,CO015
CO046,CO013
CO049,CO079
CO049,CO005
CO049,CO009
CO049,CO045
CO049,CO031
CO050,CO006
CO050,CO019
CO050,CO018
CO050,WA011
CO052,CO001
CO052,CO012
CO052,CO054
CO052,CO055
CO052,NV001
CO054,CO001
CO054,CO007
CO054,CO012
CO054,CO038
CO054,CO052
CO055,CO056
CO055,CO040
CO056,CO055
CO060,CO007
CO060,CO019
CO060,CO014
CO060,CO086
CO060,CO062
CO062,CO006
CO062,CO004
CO062,CO085
CO062,CO019
CO062,CO029
CO064,CO006
CO064,CO085
CO064,CO029
CO064,CO034
CO064,CO062
CO074,CO007
CO074,CO019
CO074,CO086
CO074,CO058
CO074,CO060
CO079,CO005
CO079,CO045
CO079,CO030
CO079,CO049
CO085,CO006
CO085,CO062
CO085,CO029
CO086,CO007
CO086,CO019
CO086,CO074
CO086,CO058
CO086,CO060
CO087,CO024
CO087,CO085
CO087,CO029
CO087,CO074
CO087,CO058
CT006,CT112
CT006,"CT043
"
CT006,CT034
CT006,CT047
CT006,CT116
CT011,CT112
CT011,CT034
CT011,CT130
CT011,CT106
CT011,CT006
CT012,CT005
CT012,CT022
CT012,CT066
CT012,CT068
CT012,CT084
CT021,CT112
CT021,CT057
CT022,CT089
CT022,"CT109
"
CT023,CT030
CT023,CT073
CT023,CT096
CT023,CT098
CT023,CT111
CT028,CT112
CT028,CT052
CT028,CT043
CT028,CT006
CT031,CT033
CT031,CT059
CT031,CT083
CT031,CT059
CT031,CT111
CT032,CT015
CT032,CT075
CT032,CT058
CT032,CT098
CT032,CT110
CT034,CT112
CT034,CT006
CT034,CT052
CT037,CT005
CT037,CT075
CT037,CT047
CT037,CT051
CT037,CT102
CT038,CT023
CT038,CT073
CT038,CT079
CT038,CT096
CT038,CT098
CT045,CT131
CT045,CT075
CT047,CT052
CT047,CT072
CT047,CT102
CT047,CT006
CT050,CT075
CT050,CT030
CT050,CT041
CT052,CT034
CT052,CT047
CT052,CT073
CT052,CT102
CT052,CT006
CT054,CT015
CT054,CT130
CT054,CT098
CT054,CT104
CT058,CT098
CT060,CT073
CT060,CT130
CT060,CT079
CT060,CT098
CT060,CT132
CT064,CT030
CT064,CT043
CT064,CA034
CT064,CT098
CT064,NY057
CT068,CT022
CT068,CT060
CT068,CT066
CT068,CT079
CT068,CT132
CT071,CT052
CT073,CT023
CT073,CT060
CT073,CT062
CT073,CT098
CT073,CT111
CT079,CT030
CT079,CT060
CT079,CT064
CT079,CT068
CT082,CT030
CT082,CT060
CT083,CT005
CT083,CT063
CT083,CT066
CT083,CT068
CT083,CT084
CT096,CT038
CT098,CT009
CT098,CT134
CT098,CT030
CT098,CT033
CT098,CT058
CT102,CT052
CT102,CT047
CT102,CT060
CT102,CT073
CT112,CT006
CT112,CT034
CT112,CT047
CT112,CT060
CT112,CT073
CT130,CT054
CT130,NJ063
CT130,CT060
CT130,CT061
CT130,CT082
CT131,CT015
CT131,CT075
CT131,CT052
CT131,CT051
CT131,CT057
CT132,CT015
CT132,CT060
CT132,CT061
CT132,CT130
CT133,CT134
CT133,CT098
CT134,CT058
CT134,CT059
CT134,CT073
CT134,CT098
DE002,DE003
FL001,FL017
FL001,FL014
FL001,FL053
FL001,FL057
FL001,FL063
FL002,FL017
FL002,FL018
FL002,FL028
FL002,FL045
FL002,FL051
FL003,FL011
FL003,FL013
FL003,FL001
FL003,FL018
FL003,FL044
FL004,FL014
FL004,FL001
FL004,FL034
FL004,FL055
FL004,FL057
FL005,FL002
FL005,FL013
FL005,FL037
FL005,FL041
FL005,FL062
FL007,FL001
FL007,FL028
FL007,FL014
FL007,FL043
FL007,FL049
FL009,FL015
FL009,FL025
FL009,FL035
FL009,FL055
FL010,FL034
FL010,FL041
FL010,FL047
FL010,FL049
FL010,FL051
FL011,FL003
FL011,FL044
FL011,FL057
FL012,FL015
FL012,FL001
FL012,FL030
FL012,FL035
FL012,FL055
FL013,FL002
FL013,FL005
FL013,FL037
FL013,FL060
FL013,FL061
FL014,TX171
FL014,FL028
FL014,FL047
FL014,CA045
FL014,NY029
FL015,FL009
FL015,FL027
FL015,FL045
FL015,FL050
FL015,FL055
FL017,FL015
FL017,FL045
FL017,FL056
FL017,FL057
FL017,WA004
FL019,FL036
FL019,FL045
FL019,FL050
FL020,FL022
FL020,FL036
FL021,FL002
FL021,FL013
FL021,FL045
FL021,FL053
FL021,FL061
FL022,FL001
FL022,FL026
FL022,FL036
FL022,FL045
FL022,FL050
FL023,FL002
FL023,FL005
FL023,FL037
FL023,FL060
FL023,FL061
FL024,FL051
FL024,FL028
FL024,FL047
FL024,FL050
FL025,FL009
FL025,FL012
FL025,FL015
FL025,FL035
FL025,FL040
FL026,FL022
FL026,FL028
FL026,FL045
FL026,FL050
FL026,FL051
FL027,FL009
FL027,FL015
FL027,FL045
FL027,FL050
FL027,FL055
FL028,FL051
FL028,FL014
FL028,FL045
FL028,FL047
FL028,FL050
FL029,FL022
FL029,FL045
FL029,FL054
FL029,FL065
FL030,FL006
FL030,FL042
FL030,FL046
FL030,FL058
FL032,FL019
FL032,FL020
FL032,FL036
FL032,FL061
FL033,FL002
FL033,FL005
FL033,FL023
FL033,FL041
FL033,FL013
FL034,FL047
FL034,FL002
FL034,FL010
FL034,FL048
FL034,FL050
FL035,FL001
FL035,FL012
FL035,FL025
FL035,FL046
FL035,FL055
FL036,FL001
FL036,FL020
FL036,FL019
FL036,FL022
FL036,FL045
FL036,FL061
FL036,FL064
FL037,FL002
FL037,FL013
FL037,FL026
FL037,FL041
FL037,FL061
FL039,FL019
FL039,FL020
FL039,FL036
FL039,FL061
FL040,FL015
FL040,FL030
FL040,FL047
FL040,FL055
FL040,FL057
FL041,KY133
FL041,FL047
FL041,FL050
FL041,FL064
FL042,FL030
FL042,FL046
FL042,FL047
FL042,FL051
FL042,FL058
FL043,FL007
FL043,FL034
FL043,FL036
FL043,FL014
FL043,FL049
FL044,FL003
FL044,FL011
FL044,FL001
FL044,FL018
FL044,FL057
FL045,FL015
FL045,FL017
FL045,FL022
FL045,FL047
FL045,FL050
FL046,FL009
FL046,FL015
FL046,FL027
FL046,FL041
FL046,FL042
FL046,FL058
FL049,FL063
FL049,FL001
FL049,FL036
FL049,FL014
FL049,FL047
FL050,FL002
FL050,FL045
FL050,FL047
FL050,FL063
FL051,FL028
FL051,FL014
FL051,FL047
FL051,FL050
FL052,FL028
FL052,FL040
FL052,FL047
FL052,FL051
FL053,FL014
FL053,FL003
FL053,FL005
FL053,FL041
FL053,FL050
FL055,FL035
FL055,FL012
FL055,FL047
FL055,FL048
FL055,FL056
FL056,MA043
FL056,KY032
FL056,FL014
FL056,FL047
FL056,KY047
FL057,FL011
FL057,FL017
FL057,FL014
FL057,FL044
FL057,FL048
FL058,FL047
FL058,FL030
FL058,FL041
FL058,FL045
FL058,FL046
FL060,FL002
FL060,FL013
FL060,FL023
FL060,FL041
FL060,FL061
FL061,FL002
FL061,FL013
FL061,FL034
FL061,FL041
FL061,FL054
FL062,FL002
FL062,FL013
FL062,FL041
FL062,FL053
FL062,FL060
FL063,FL001
FL063,FL018
FL063,FL047
FL063,FL053
FL063,FL057
FL064,FL002
FL064,FL013
FL064,FL034
FL064,FL041
FL064,FL054
FL065,FL017
FL065,FL045
FL065,FL048
FL065,FL050
FL065,FL054
FL066,FL004
FL066,FL022
FL066,FL045
FL066,FL054
FL066,FL065
FL069,FL009
FL069,FL012
FL069,FL025
FL069,FL035
FL069,FL046
GA132,AL004
GA132,GA180
GA132,GA048
GA132,GA169
GA132,GA179
GA169,GA182
GA169,GA048
GA169,GA071
GA169,GA078
GA169,GA180
GA172,GA173
GA172,GA171
GA172,GA169
GA172,GA048
GA173,GA071
GA173,GA169
GA176,GA169
GA176,GA182
GA176,GA132
GA176,GA181
GA176,"GA178
"
GA178,GA078
GA178,GA180
GA178,GA171
GA179,GA132
GA180,GA172
GA182,GA071
GA182,GA173
GA182,GA048
GA182,GA180
IA001,IA002
IA001,IA006
IA001,IA095
IA001,IA130
IA001,IA120
IA006,IA001
IA006,IA121
IA006,IA130
IA010,IA031
IA010,IA049
IA010,IA116
IA010,IA102
IA012,IA009
IA012,IA034
IA012,IA064
IA012,IA069
IA012,IA098
IA013,IA030
IA013,IA058
IA013,IA096
IA013,IA101
IA013,IA046
IA014,IA119
IA014,IA047
IA015,IA031
IA015,IA046
IA015,IA079
IA015,IA092
IA015,IA101
IA018,IA062
IA018,IA064
IA018,IA069
IA018,IA098
IA018,IA108
IA023,IA041
IA023,IA131
IA026,IA018
IA026,IA034
IA026,IA064
IA026,IA069
IA026,IA098
IA027,IA009
IA027,IA020
IA027,IA101
IA027,IA093
IA028,IA012
IA028,IA018
IA028,IA026
IA028,IA034
IA028,IA069
IA031,IA049
IA031,IA069
IA031,IA092
IA031,IA131
IA033,IA023
IA033,IA071
IA033,IA075
IA033,IA095
IA033,IA109
IA034,IA012
IA034,IA040
IA034,IA064
IA038,IA009
IA038,IA027
IA038,IA064
IA038,IA069
IA038,IA098
IA042,IA024
IA042,IA037
IA042,IA066
IA042,IA088
IA042,IA111
IA052,IA115
IA053,IA031
IA053,IA050
IA053,IA075
IA053,IA102
IA053,IA046
IA057,IA116
IA057,IA046
IA057,IA066
IA057,IA090
IA057,IA115
IA064,IA098
IA064,IA101
IA069,TX144
IA069,IA064
IA069,NE010
IA069,OK072
IA069,IA092
IA070,IA036
IA070,MO038
IA070,IA064
IA070,IA067
IA070,IA082
IA072,IA079
IA072,IA084
IA077,IA030
IA077,IA121
IA077,IA093
IA077,IA095
IA077,NE029
IA079,IA009
IA079,IA030
IA079,IA121
IA079,IA130
IA079,IA101
IA080,IA062
IA080,IA074
IA080,IA107
IA082,IA011
IA082,IA067
IA082,IA070
IA082,IA075
IA082,IA098
IA087,IA123
IA087,IA127
IA087,IA104
IA090,IA015
IA090,IA046
IA092,IA069
IA098,IA026
IA098,IA064
IA098,IA069
IA098,IA101
IA098,OK072
IA100,IA037
IA100,IA128
IA100,IA058
IA100,IA084
IA100,IA101
IA101,IA064
IA101,IA069
IA101,IL069
IA104,IA030
IA104,IA123
IA104,IA127
IA104,IA087
IA104,IA095
IA108,IA062
IA108,IA064
IA108,IA067
IA108,IA075
IA108,IA107
IA112,IA119
IA112,IA052
IA112,IA022
IA112,MA220
IA112,IA003
IA114,IA020
IA114,IA111
IA115,IA047
IA115,IA116
IA115,IA052
IA115,IA046
IA116,IA015
IA116,IA031
IA116,IA046
IA116,IA092
IA116,IA115
IA123,IA077
IA123,IA127
IA123,IA087
IA123,IA104
IA124,IA031
IA124,IA098
IA125,IA022
IA125,IA098
IA125,IA112
IA126,IA129
IA126,IA103
IA139,IL023
IA139,IA129
IA139,IA075
IA139,IA126
IA139,IA103
ID001,ID005
ID002,ID004
ID002,ID003
ID002,ID006
ID002,ID007
ID002,ID005
ID004,ID003
ID004,ID006
ID004,ID007
ID004,ID002
ID006,ID002
ID006,ID004
ID006,ID003
ID006,ID007
ID007,ID002
ID007,ID004
ID007,ID003
ID007,ID006
ID007,ID005
IL001,IL033
IL001,IL059
IL001,IL065
IL001,IL077
IL001,IL079
IL002,IL001
IL002,IL028
IL002,IL011
IL002,IL090
IL002,IL079
IL003,IL015
IL003,IL045
IL003,IL061
IL003,IL077
IL003,IL085
IL007,IL011
IL007,IL083
IL007,IL049
IL007,IL059
IL008,IL009
IL008,MO049
IL008,WA022
IL009,MA030
IL009,IL013
IL009,MD004
IL009,NY029
IL009,CA041
IL010,IL027
IL010,IL033
IL010,IL036
IL010,IL073
IL010,IL093
IL011,IL001
IL011,IL023
IL011,IL046
IL011,IL077
IL011,IL079
IL012,IL008
IL012,IL014
IL012,IL017
IL012,IL046
IL013,IL018
IL013,IL009
IL013,IL038
IL013,IL043
IL013,IL084
IL014,IL008
IL014,IL012
IL014,IL017
IL014,IL038
IL014,IL070
IL015,IL018
IL015,IL040
IL015,IL045
IL015,IL077
IL015,IL083
IL018,IL013
IL018,IL009
IL018,IL043
IL018,WA022
IL019,IL033
IL019,IL090
IL019,IL075
IL020,IL008
IL020,IL011
IL020,IL033
IL020,IL068
IL020,IL077
IL021,IL033
IL021,IL035
IL021,IL090
IL021,IL073
IL021,IL082
IL022,IL013
IL023,IL033
IL023,IL075
IL027,IL002
IL027,IL006
IL027,IL036
IL027,IL059
IL027,IL093
IL028,IL018
IL028,IL040
IL028,IL046
IL028,IL070
IL028,IL085
IL029,IL011
IL029,IL021
IL029,IL082
IL029,IL034
IL029,IL035
IL032,IL001
IL032,IL008
IL032,IL041
IL032,IL077
IL032,IL079
IL033,IL011
IL033,IL018
IL033,IL043
IL033,IL090
IL033,IL073
IL034,IL011
IL034,IL088
IL034,IL020
IL034,IL044
IL034,IL081
IL036,IL027
IL036,IL011
IL036,IL049
IL036,IL090
IL036,IL065
IL037,IL061
IL037,IL077
IL038,IL013
IL038,IL018
IL038,IL040
IL038,MI041
IL038,IL085
IL039,IL008
IL039,IL110
IL039,IL046
IL039,IL054
IL039,IL084
IL040,IL018
IL040,IL009
IL040,IL033
IL040,IL038
IL040,IL043
IL042,IL001
IL042,IL033
IL042,IL068
IL042,IL079
IL042,IL086
IL045,IL003
IL045,IL015
IL045,IL083
IL045,IL061
IL045,IL077
IL048,IL012
IL048,IL008
IL048,IL054
IL048,IL068
IL048,IL070
IL049,IL002
IL049,IL007
IL049,IL058
IL049,IL068
IL049,IL083
IL053,IL013
IL053,TX134
IL053,TX146
IL053,IL009
IL053,IL043
IL054,IL011
IL054,IL008
IL054,IL046
IL054,IL068
IL054,IL070
IL056,IL001
IL056,IL067
IL056,IL079
IL057,IL011
IL057,IL025
IL057,IL033
IL057,IL046
IL057,IL105
IL061,IL015
IL061,IL045
IL061,IL077
IL061,IL083
IL061,IL085
IL064,IL083
IL064,IL045
IL064,IL061
IL064,IL077
IL065,IL006
IL065,IL027
IL065,IL001
IL065,IL036
IL065,IL059
IL067,IL030
IL067,IL032
IL067,IL056
IL067,IL050
IL067,IA098
IL069,IL001
IL069,IL030
IL069,IL052
IL069,IA092
IL069,IA101
IL070,IL008
IL070,IL054
IL070,IL094
IL070,IL068
IL070,IL077
IL075,IL008
IL075,IL033
IL075,IL090
IL075,MO101
IL075,MO102
IL078,IL015
IL078,IL022
IL078,IL013
IL078,IL060
IL078,IL072
IL079,IL001
IL079,IL008
IL079,IL040
IL079,IL054
IL079,IL050
IL080,IL012
IL080,IL008
IL080,IL110
IL080,IL046
IL080,IL054
IL081,IL088
IL081,IL021
IL081,IL034
IL081,IL035
IL081,IL044
IL082,IL021
IL082,IL029
IL082,IL011
IL082,IL033
IL082,IL035
IL083,IL015
IL083,IL045
IL083,IL061
IL083,IL077
IL083,IL085
IL084,IL028
IL084,IL043
IL084,IL085
IL086,IL001
IL086,IL011
IL086,IL054
IL086,IL050
IL086,IL079
IL087,IL011
IL087,IL002
IL087,IL068
IL087,IL081
IL087,IL093
IL088,IL011
IL088,IL023
IL088,IL034
IL088,IL044
IL088,IL091
IL089,IL008
IL089,IL062
IL089,IL012
IL089,IL014
IL089,IL070
IL090,IL033
IL090,IL075
IL090,MO101
IL090,MO102
IL091,IL088
IL091,IL023
IL091,IL033
IL091,IL035
IL091,IL090
IL093,IL087
IL093,IL027
IL093,IL036
IL093,IL091
IL093,IL063
IL103,IL041
IL103,IL047
IL103,IL056
IL103,IL067
IL103,IL079
IL105,MO102
IL105,IL075
IL105,IL093
IL109,IL028
IL109,IL046
IL110,IL008
IL110,IL046
IL110,IL054
IL110,IL070
IL110,IL080
IN003,IN044
IN003,KY009
IN003,IN053
IN003,IN057
IN003,IN076
IN006,KY054
IN006,IN031
IN006,IN035
IN006,IN044
IN006,IN053
IN007,KY054
IN007,IN031
IN010,IN003
IN010,IN031
IN010,IN002
IN010,IN052
IN010,IN057
IN012,IN006
IN012,OH060
IN012,IN058
IN012,IN083
IN012,IN084
IN016,KY054
IN016,IN025
IN016,IN039
IN016,IN043
IN016,IN082
IN019,IN002
IN019,IN010
IN019,IN052
IN019,IN057
IN019,IN073
IN021,IN019
IN021,IN046
IN021,IN047
IN021,IN053
IN021,IN078
IN027,IN020
IN027,IN049
IN030,IN014
IN035,KY054
IN035,IN006
IN035,IN031
IN035,IN044
IN035,IN053
IN036,IN018
IN036,IN031
IN036,TX144
IN036,IN002
IN036,KY047
IN037,IN031
IN037,IN002
IN037,IN010
IN037,IN052
IN037,IN057
IN041,IN001
IN041,IN005
IN041,IN018
IN041,IN072
IN041,IN093
IN047,IN021
IN052,KY054
IN052,IN010
IN052,IN019
IN052,IN031
IN052,IN057
IN053,IL009
IN053,KY032
IN053,WA022
IN053,CA045
IN053,KS095
IN057,KY054
IN057,IN019
IN057,IN010
IN057,IN052
IN057,IN073
IN059,MA015
IN059,IN007
IN059,IN003
IN059,IN044
IN059,IN053
IN071,IN035
IN071,IN053
IN071,IN058
IN071,IN064
IN071,IN093
IN073,IN010
IN073,IN017
IN073,IN016
IN073,IN042
IN073,IN075
IN075,KY054
IN075,IN010
IN075,IN042
IN076,KY054
IN076,IN044
IN076,IN053
IN078,IN010
IN078,IN021
IN078,IN031
IN078,IN002
IN078,IN057
IN080,KY054
IN080,IN015
IN080,IN031
IN080,IN044
IN080,IN095
IN083,IN012
IN083,IN036
IN083,IN037
IN083,IN057
IN086,IN019
IN086,IN002
IN086,IN053
IN087,IN011
IN087,IN065
IN088,IN011
IN088,IN053
IN088,IN065
IN088,IN081
IN088,IN087
KS001,KS043
KS001,KS031
KS001,KS039
KS001,KS040
KS001,KS095
KS002,KS051
KS002,KS067
KS002,KS072
KS002,KS074
KS002,KS080
KS003,FL036
KS003,KS032
KS003,KS036
KS003,KS049
KS003,KS072
KS008,KS012
KS008,KS023
KS008,KS028
KS008,KS033
KS008,KS052
KS011,KS048
KS011,KS024
KS011,KS066
KS011,KS056
KS011,KS063
KS012,KS001
KS012,KS018
KS012,KS031
KS012,KS040
KS012,KS070
KS013,KS043
KS013,KS032
KS013,KS072
KS013,KS075
KS013,KS095
KS015,KS026
KS015,KS062
KS015,KS071
KS015,KS076
KS015,KS088
KS019,KS014
KS019,KS041
KS019,KS055
KS019,KS060
KS019,KS096
KS020,KS025
KS020,KS047
KS020,KS064
KS020,KS077
KS020,KS083
KS021,KS009
KS021,KS035
KS021,KS046
KS021,KS064
KS021,KS078
KS022,KS028
KS022,KS033
KS022,KS042
KS022,KS081
KS022,KS086
KS024,KS036
KS024,KS011
KS024,KS091
KS025,KS047
KS025,KS061
KS025,KS082
KS025,KS083
KS025,KS090
KS029,KS030
KS029,KS042
KS029,KS052
KS029,KS081
KS029,KS092
KS031,KS001
KS031,KS039
KS031,KS040
KS031,KS070
KS031,KS087
KS032,KS003
KS032,KS049
KS032,KS072
KS032,KS095
KS032,KS087
KS033,KS008
KS033,KS023
KS033,KS028
KS033,KS099
KS033,KS052
KS034,KS017
KS034,KS036
KS034,KS043
KS034,KS106
KS034,KS089
KS035,KS009
KS035,KS021
KS035,KS046
KS035,KS054
KS035,KS084
KS036,MO049
KS036,KS043
KS036,KS075
KS036,KS089
KS036,KS098
KS041,KS006
KS041,"KS014
"
KS041,KS106
KS041,KS060
KS041,KS096
KS043,KS036
KS043,OH092
KS043,KS089
KS043,WA026
KS043,KS098
KS044,MO018
KS044,KS016
KS044,KS036
KS044,KS098
KS045,KS022
KS045,KS027
KS045,KS052
KS045,KS086
KS045,KS200
KS046,KS021
KS046,KS009
KS046,KS043
KS046,KS051
KS046,KS064
KS047,KS025
KS047,KS082
KS047,KS083
KS047,KS088
KS047,KS090
KS049,KS003
KS049,KS013
KS049,KS032
KS049,KS056
KS049,KS087
KS050,KS017
KS050,KS106
KS050,KS059
KS050,KS089
KS050,KS093
KS052,KS028
KS052,KS057
KS052,KS045
KS052,KS086
KS052,KS200
KS053,KS024
KS053,KS036
KS053,KS043
KS053,KS069
KS053,KS098
KS055,KS107
KS056,KS004
KS056,KS066
KS056,KS011
KS056,KS063
KS056,KS091
KS057,KS027
KS057,KS045
KS057,KS086
KS057,KS200
KS059,KS017
KS059,KS034
KS059,KS050
KS059,KS106
KS059,KS089
KS062,KS026
KS062,KS068
KS062,KS071
KS062,KS076
KS064,KS046
KS064,KS054
KS064,KS073
KS064,KS076
KS064,KS084
KS066,KS019
KS066,KS003
KS067,KS002
KS067,KS051
KS067,KS074
KS067,KS083
KS067,KS085
KS069,KS037
KS069,KS036
KS069,KS075
KS070,KS018
KS070,KS031
KS070,KS039
KS070,KS040
KS070,KS001
KS072,KS036
KS072,KS043
KS076,KS026
KS076,KS062
KS076,KS068
KS076,KS078
KS077,KS002
KS077,KS020
KS077,KS067
KS078,KS009
KS078,KS021
KS078,KS046
KS078,KS064
KS078,KS076
KS080,KS002
KS080,KS051
KS080,KS067
KS080,KS072
KS080,KS074
KS083,KS025
KS083,KS047
KS083,KS071
KS083,KS082
KS083,KS090
KS084,KS035
KS084,KS046
KS084,KS054
KS084,KS064
KS084,KS076
KS086,KS027
KS086,KS099
KS086,KS052
KS086,KS200
KS088,KS007
KS088,KS047
KS088,KS071
KS088,KS076
KS088,KS083
KS089,KS037
KS089,KS036
KS089,KS043
KS089,KS051
KS089,KS075
KS090,KS025
KS090,KS047
KS090,KS061
KS090,KS082
KS090,KS083
KS091,KS011
KS091,KS024
KS091,KS036
KS091,KS069
KS091,KS089
KS092,KS025
KS092,KS029
KS092,KS030
KS092,KS042
KS092,KS083
KS095,KS003
KS095,KS036
KS095,KS075
KS096,KS014
KS096,KS019
KS096,KS041
KS096,KS055
KS096,KS106
KS098,MO022
KS098,KS036
KS098,MO049
KS098,KS043
KS098,KS053
KS099,KS022
KS099,KS023
KS099,KS028
KS099,KS033
KS099,KS052
KS104,KS036
KS104,KS053
KS104,KS098
KS106,KS017
KS106,KS034
KS106,KS050
KS106,KS059
KS106,KS089
KS107,KS006
KS107,KS011
KS107,KS014
KS107,KS060
KS107,KS096
KY002,KY009
KY002,KY017
KY002,KY021
KY002,KY029
KY003,KY006
KY003,KY028
KY004,KY009
KY004,KY058
KY004,KY021
KY004,KY029
KY004,KY057
KY006,KY009
KY006,KY047
KY007,KY009
KY007,KY021
KY007,KY029
KY007,FL056
KY007,KY047
KY008,KY002
KY008,TN007
KY008,KY017
KY008,TN068
KY008,KY047
KY009,KY006
KY009,KY133
KY009,KY021
KY009,KY047
KY009,KY052
KY010,KY021
KY010,KY025
KY010,KY026
KY010,KY033
KY010,TN084
KY012,KY009
KY012,KY018
KY012,KY014
KY012,KY025
KY012,KY053
KY013,KY056
KY013,KY006
KY013,KY016
KY013,KY014
KY013,KY025
KY014,KY012
KY014,KY009
KY014,KY021
KY014,KY022
KY014,KY043
KY015,KY002
KY015,KY009
KY015,KY133
KY015,KY035
KY015,KY047
KY018,KY012
KY018,KY021
KY018,KY009
KY018,KY014
KY018,KY052
KY020,KY017
KY020,KY014
KY020,KY025
KY020,KY035
KY021,KY006
KY021,KY009
KY021,KY026
KY021,KY047
KY021,KY049
KY022,KY015
KY022,KY014
KY022,KY077
KY024,KY071
KY024,KY010
KY024,KY021
KY024,KY026
KY024,KY051
KY025,KY006
KY025,KY010
KY025,KY016
KY025,KY023
KY025,KY029
KY029,KY005
KY029,KY028
KY029,KY025
KY031,KY012
KY031,KY018
KY032,KY007
KY032,DC001
KY032,KY028
KY032,KY040
KY032,MO102
KY035,KY020
KY035,KY021
KY035,KY042
KY035,KY045
KY037,KY006
KY037,KY133
KY037,KY021
KY037,KY002
KY037,KY048
KY038,KY008
KY038,KY009
KY038,KY017
KY038,KY020
KY038,KY045
KY040,OH025
KY040,KY009
KY040,OH060
KY040,FL052
KY040,KY047
KY041,KY009
KY041,KY021
KY041,KY007
KY041,KY032
KY042,KY017
KY042,KY025
KY042,KY035
KY042,KY045
KY042,KY049
KY045,KY035
KY045,KY042
KY047,KY006
KY047,TX146
KY047,KY021
KY047,NC009
KY047,WA022
KY048,KY006
KY048,KY009
KY048,KY133
KY048,KY021
KY048,KY037
KY049,KY003
KY049,KY009
KY049,KY026
KY049,KY028
KY049,KY047
KY051,KY133
KY051,KY021
KY051,KY009
KY053,KY006
KY053,KY018
KY053,KY009
KY053,KY014
KY053,KY028
KY056,KY006
KY057,KY001
KY057,KY009
KY057,KY058
KY057,KY021
KY057,KY004
KY058,KY004
KY058,KY021
KY058,KY033
KY058,KY057
KY058,KY049
KY060,KY009
KY060,KY107
KY060,KY021
KY060,KY026
KY071,KY073
KY071,KY024
KY071,KY026
KY071,KY048
KY071,KY051
KY073,KY023
KY073,KY024
KY073,KY071
KY073,KY026
KY073,KY051
KY077,KY009
KY077,KY018
KY077,KY021
KY077,KY012
KY077,KY014
KY107,KY002
KY107,KY007
KY107,KY009
KY107,KY060
KY107,KY029
KY133,KY006
KY133,FL015
KY133,FL041
KY133,KY048
LA018,LA016
LA018,LA024
LA019,VA026
LA024,LA017
LA024,LA016
LA024,LA018
LA024,LA021
LA024,LA019
LA038,LA045
LA038,LA016
LA038,LA024
LA038,LA018
LA038,LA019
MA005,MA156
MA005,MA313
MA005,MA269
MA005,MA271
MA005,MA317
MA008,MA235
MA008,MA085
MA008,MA110
MA008,MA210
MA008,MA265
MA009,MA050
MA009,MA171
MA009,MA176
MA009,MA204
MA009,MA318
MA010,MA022
MA010,MA040
MA010,MA043
MA010,MA153
MA010,MA194
MA015,MA086
MA015,MA133
MA015,MA213
MA015,MA237
MA015,MA274
MA017,MA016
MA017,MA137
MA020,MA013
MA020,MA042
MA020,MA063
MA020,MA153
MA020,MA123
MA022,MA010
MA022,MA040
MA022,MA042
MA022,MA153
MA022,MA302
MA035,MA120
MA035,MA217
MA036,MA080
MA036,MA177
MA036,MA243
MA036,MA298
MA036,MA314
MA038,MA079
MA038,MA237
MA038,MA282
MA038,MA298
MA043,PA001
MA043,OH037
MA043,IN053
MA043,MA264
MA043,WA026
MA050,MA027
MA050,MA075
MA050,MA157
MA050,MA318
MA050,MA284
MA051,MA030
MA051,MA043
MA051,MA057
MA051,MA241
MA051,MA127
MA057,MA051
MA058,MA348
MA058,MA102
MA058,MA143
MA058,MA067
MA058,MA179
MA062,MA069
MA062,MA110
MA062,MA332
MA062,MA245
MA062,MA344
MA067,MA159
MA067,MA164
MA067,MA222
MA067,MA250
MA067,MA280
MA068,MA346
MA068,Fairhaven
MA068,MA196
MA068,MA298
MA068,MA322
MA071,MA050
MA071,MA143
MA071,MA016
MA071,MA179
MA071,MA254
MA082,MA235
MA082,MA110
MA082,MA156
MA082,MA210
MA082,MA265
MA085,MA121
MA085,MA210
MA085,MA220
MA085,MA265
MA089,MA104
MA089,MA222
MA089,MA095
MA089,MA244
MA093,MA152
MA093,MA100
MA093,MA266
MA093,MA320
MA093,MA330
MA100,MA049
MA100,MA152
MA100,MA093
MA100,MA192
MA100,MA330
MA109,MA288
MA109,MA327
MA127,BPHC
MA127,MA051
MA127,MA241
MA137,MA016
MA139,MA055
MA139,MA210
MA139,MA265
MA141,MA138
MA141,MA350
MA141,MA172
MA141,MA292
MA141,MA316
MA143,MA098
MA143,MA043
MA143,MA165
MA143,MA208
MA146,MA007
MA146,MA179
MA146,MA251
MA146,MA311
MA152,MA012
MA152,MA093
MA152,MA100
MA152,MA233
MA152,MA320
MA156,MA043
MA156,MA005
MA156,MA313
MA157,MA050
MA157,MA075
MA157,MA284
MA157,MA318
MA164,MA348
MA164,MA159
MA164,MA222
MA164,MA250
MA164,MA280
MA165,MA014
MA165,MA143
MA165,MA330
MA165,MA208
MA165,MA267
MA166,MA079
MA166,MA128
MA166,MA212
MA166,MA232
MA166,MA256
MA178,MA085
MA182,MA193
MA182,MA213
MA182,MA296
MA188,MA145
MA188,MA317
MA190,MA032
MA190,MA159
MA190,MA171
MA190,MA179
MA190,MA222
MA193,MA350
MA193,MA013
MA193,MA040
MA193,MA153
MA193,MA201
MA194,MA010
MA194,MA040
MA194,MA043
MA194,MA201
MA194,MA213
MA205,MA013
MA205,MA163
MA205,MA211
MA205,MA230
MA213,MA069
MA213,MA323
MA213,MA194
MA213,MA296
MA213,MA333
MA223,MA015
MA223,MA112
MA223,MA133
MA223,MA079
MA223,MA177
MA230,MA013
MA230,MA097
MA230,MA193
MA230,MA305
MA234,MA071
MA234,MA016
MA234,MA217
MA234,MA289
MA234,MA306
MA236,MA030
MA236,"MA034
"
MA236,MA043
MA236,MA184
MA236,MA324
MA238,MA282
MA238,MA049
MA238,MA086
MA238,MA253
MA238,MA137
MA240,MA013
MA240,MA072
MA240,MA163
MA240,MA257
MA240,MA281
MA241,MA051
MA241,MA127
MA241,MA254
MA247,MA012
MA247,MA093
MA247,MA100
MA247,MA283
MA247,MA330
MA248,MA317
MA248,MA188
MA248,MA269
MA250,MA348
MA250,MA040
MA250,MA159
MA250,MA201
MA250,MA222
MA256,MA061
MA256,MA166
MA256,MA184
MA256,MA212
MA256,MA296
MA258,MA350
MA258,MA153
MA258,MA030
MA258,MA213
MA258,MA222
MA267,MA014
MA267,MA316
MA267,MA330
MA269,MA005
MA269,MA265
MA269,MA268
MA269,MA313
MA269,MA317
MA282,MA013
MA282,MA193
MA282,MA238
MA283,MA093
MA283,MA100
MA283,MA152
MA283,MA012
MA285,MA101
MA285,MA056
MA285,MA087
MA285,MA214
MA285,MA315
MA287,MA032
MA287,MA159
MA287,MA179
MA287,MA190
MA287,MA222
MA294,MA171
MA294,MA179
MA294,MA201
MA296,MA013
MA296,MA040
MA296,MA143
MA296,MA213
MA296,MA323
MA303,MA063
MA303,MA016
MA303,MA179
MA303,MA193
MA303,MA277
MA304,MA077
MA304,MA316
MA304,MA267
MA305,MA153
MA305,MA193
MA305,MA296
MA305,MA297
MA305,MA333
MA306,MA016
MA313,MA005
MA313,MA055
MA313,MA110
MA313,MA210
MA313,MA220
MA317,MA005
MA317,MA139
MA317,MA269
MA317,MA288
MA317,MA313
MA318,MA030
MA318,MA040
MA318,MA043
MA318,MA179
MA318,MA201
MA323,MA043
MA323,MA069
MA323,MA194
MA323,MA213
MA323,MA333
MA332,MA069
MA332,MA110
MA348,MA067
MA348,MA159
MA348,MA222
MA348,MA250
MA348,MA280
MA356,MA032
MA356,MA114
MA356,MA179
MA356,MA246
MA356,MA287
MD002,MD011
MD002,MD013
MD002,MD012
MD002,MD023
MD002,MD025
MD003,MD012
MD003,MD015
MD003,MD009
MD003,MD018
MD003,MD025
MD006,MD005
MD006,MD014
MD006,MD010
MD006,MD021
MD008,MD013
MD008,MD014
MD008,MD015
MD008,MD005
MD008,MD012
MD010,MD006
MD010,MD009
MD010,MD016
MD010,MD018
MD010,MD021
MD011,MD006
MD011,MD013
MD011,MD019
MD011,MD020
MD011,MD022
MD012,MD003
MD012,MD009
MD012,MD014
MD012,MD015
MD012,MD025
MD013,MD009
MD013,MD012
MD013,MD014
MD013,MD002
MD013,MD025
MD014,MD012
MD014,MD015
MD014,MD009
MD014,MD025
MD015,MD006
MD015,MD010
MD015,MD012
MD015,MD014
MD015,MD003
MD017,VA008
MD017,VA036
MD017,MD012
MD017,MD005
MD017,MD018
MD018,MD003
MD018,DC001
MD018,MD015
MD018,MD004
MD018,MD017
MD020,MD010
MD020,MD013
MD020,MD011
MD020,MD024
MD020,MD025
MD021,MD006
MD021,MD012
MD021,MD013
MD021,MD014
MD021,MD010
MD022,MD007
MD022,MD011
MD022,MD016
MD022,MD019
MD024,MD003
MD024,MD011
MD024,MD014
MD024,MD025
MD024,MD020
MD025,MD006
MD025,MD009
MD025,MD013
MD025,MD024
MD025,MD020
ME003,ME009
ME009,ME003
ME029,ME030
ME029,ME032
ME029,ME034
ME029,ME035
ME029,PA023
ME031,ME029
ME031,ME032
ME031,ME036
ME031,ME034
ME031,ME035
ME033,ME030
ME033,ME032
ME033,ME029
ME033,ME034
ME033,PA023
ME034,ME029
ME034,ME030
ME034,ME032
ME034,ME035
ME034,PA023
ME035,ME029
ME035,ME032
ME035,ME030
ME035,ME034
ME035,PA023
ME036,ME029
ME036,ME032
ME036,ME031
ME036,ME034
ME036,ME035
MI005,MI026
MI005,MI036
MI005,MI041
MI006,MI002
MI006,MI007
MI006,MI025
MI006,MI026
MI006,MI030
MI008,MI003
MI008,MI028
MI008,MI046
MI008,MI043
MI008,MI045
MI009,MI015
MI009,MI026
MI009,MI017
MI009,MI036
MI009,MI037
MI011,MI010
MI011,MI014
MI011,MI027
MI011,MI034
MI011,MI050
MI013,MI032
MI013,MI049
MI013,MI038
MI013,MI040
MI013,MI048
MI014,MI010
MI014,MI027
MI014,MI034
MI014,MI011
MI014,MI050
MI017,MI009
MI017,MI020
MI017,MI015
MI017,MI036
MI018,MI017
MI018,MI016
MI018,MI020
MI018,MI026
MI018,MI015
MI019,MI023
MI019,MI028
MI019,MI031
MI019,MI037
MI019,MI040
MI020,MI004
MI020,MI015
MI020,MI026
MI020,MI040
MI020,MI041
MI024,MI009
MI024,MI026
MI024,MI006
MI024,MI048
MI025,MI005
MI025,MI007
MI026,MI009
MI026,MI017
MI026,MI025
MI026,MI036
MI026,MI041
MI027,MI010
MI027,MI014
MI027,MI015
MI027,MI034
MI027,MI011
MI028,MI019
MI028,MI008
MI028,MI046
MI028,MI043
MI030,MI024
MI030,MI006
MI030,MI038
MI030,MI048
MI031,MI013
MI031,MI032
MI031,MI040
MI031,MI048
MI031,MI049
MI034,MI010
MI034,MI014
MI034,MI027
MI034,MI011
MI034,MI050
MI036,MI002
MI036,MI017
MI036,MI015
MI036,MI009
MI036,MI041
MI037,OH033
MI037,MI025
MI037,MI026
MI037,MI040
MI037,MI041
MI043,MI046
MI045,MI028
MI045,MI032
MI045,MI040
MI045,MI043
MI045,MI049
MI046,MI003
MI046,MI008
MI046,MI028
MI046,MI043
MI046,MI045
MI048,MI013
MI048,MI031
MI048,MI032
MI048,MI040
MI048,MI049
MI049,MI013
MI049,MI032
MI049,MI038
MI049,MI040
MI049,MI045
MI050,MI010
MI050,MI011
MI050,MI027
MI050,MI034
MI050,MI014
MN002,MN015
MN002,MN024
MN002,MN032
MN002,MN044
MN002,MN053
MN003,MN033
MN003,MN010
MN003,MN095
MN003,MN039
MN004,MN015
MN004,MN024
MN004,MN032
MN004,MN044
MN004,MN053
MN006,MN015
MN006,MN060
MN006,MN050
MN006,MN064
MN006,MN038
MN007,MN015
MN007,MN024
MN007,MN044
MN007,MN048
MN007,MN053
MN008,MN084
MN008,MN025
MN008,WI025
MN008,MN061
MN008,MO102
MN011,MN084
MN011,MN085
MN011,MN008
MN011,MN038
MN013,MN095
MN013,MN090
MN013,MN070
MN013,MN091
MN015,MN002
MN015,MN004
MN015,MN048
MN015,MN044
MN015,MN053
MN016,MN006
MN016,MN036
MN016,MN022
MN016,MN050
MN016,MN046
MN019,MN012
MN019,MN050
MN019,MN006
MN019,MN054
MN020,MN021
MN020,MN040
MN020,WI044
MN020,MN038
MN020,MN055
MN022,MN034
MN022,MN046
MN022,MN065
MN022,MN066
MN022,MN082
MN024,MN004
MN024,MN032
MN024,MN044
MN024,MN053
MN026,MN009
MN026,MN060
MN026,WI044
MN026,MN070
MN026,MN053
MN027,MN013
MN027,MN070
MN027,MN090
MN027,MN091
MN027,MN051
MN032,MN004
MN032,MN015
MN032,TX156
MN032,MN024
MN032,MN053
MN038,MN015
MN038,MN011
MN038,MN044
MN038,MN051
MN038,MN053
MN041,MN010
MN041,MN079
MN041,MN074
MN041,MN057
MN041,MN039
MN044,MN002
MN044,MN015
MN044,MN024
MN044,MN032
MN044,MN053
MN046,MN006
MN046,MN083
MN046,MN022
MN046,MN038
MN046,MN065
MN048,MN004
MN048,MN007
MN048,MN015
MN048,MN024
MN048,MN044
MN049,MN076
MN049,MN051
MN049,MN056
MN050,MN005
MN050,MN006
MN050,MN064
MN050,MN090
MN050,MN068
MN053,MN002
MN053,MN032
MN053,MN024
MN053,MN015
MN053,MN044
MN054,MN005
MN054,MN019
MN054,MN006
MN054,MN064
MN054,MN037
MN057,MN038
MN057,MN041
MN057,MN072
MN060,MN015
MN060,MN051
MN063,MN079
MN063,MN080
MN063,MN078
MN063,MN074
MN063,MN073
MN064,MN005
MN064,MN050
MN064,MN006
MN064,MN059
MN064,MN068
MN065,MN083
MN065,MN081
MN065,MN051
MN065,MN082
MN065,MN056
MN068,MN006
MN068,MN019
MN068,MN050
MN068,MN064
MN068,MN016
MN069,MN095
MN069,MN090
MN069,MN070
MN069,MN090
MN069,MN059
MN070,MN069
MN070,MN090
MN070,MN059
MN071,MN074
MN071,MN073
MN071,MN072
MN074,MN079
MN074,MN071
MN074,MN073
MN074,MN072
MN076,MN083
MN076,MN081
MN076,MN049
MN076,MN051
MN076,MN056
MN078,MN083
MN078,MN080
MN078,MN079
MN078,MN063
MN078,MN073
MN081,MN076
MN081,MN026
MN081,MN051
MN081,MN065
MN081,MN082
MN082,MN083
MN082,MN081
MN082,MN051
MN082,MN065
MN085,MN008
MN085,MN025
MN085,MN086
MN085,MN084
MN085,MO102
MN086,MN084
MN086,MN008
MN086,MN025
MN086,MN085
MN086,MN061
MN097,MN013
MN097,MN095
MN097,MN090
MN097,MN050
MN097,MN070
MO001,MO058
MO001,MO090
MO001,MO094
MO004,MO025
MO004,MO013
MO004,MO024
MO004,MO132
MO004,MO102
MO007,MO008
MO007,MO038
MO007,MO047
MO007,MO077
MO007,MO109
MO008,MO007
MO008,MO038
MO008,MO047
MO008,MO052
MO008,MO077
MO009,MO011
MO009,MO059
MO009,MO015
MO009,MO112
MO009,MO111
MO012,MO016
MO012,MO023
MO012,MO030
MO012,MO036
MO012,MO057
MO013,MO025
MO013,MO024
MO013,MO026
MO013,MO067
MO013,MO132
MO014,MO026
MO014,MO041
MO014,MO063
MO014,MO065
MO014,MO068
MO015,MO009
MO015,MO059
MO015,MO112
MO015,MO103
MO015,MO110
MO016,MO012
MO016,MO030
MO016,MO036
MO016,MO057
MO016,MO086
MO017,MO032
MO017,MO074
MO017,MO087
MO017,MO093
MO017,MO114
MO018,MO007
MO018,MO025
MO018,MO042
MO018,MO049
MO018,MO080
MO019,MO001
MO019,MO056
MO019,MO058
MO019,MO085
MO019,MO089
MO021,MO050
MO021,MO054
MO021,MO060
MO021,MO091
MO021,MO094
MO022,MO025
MO022,MO049
MO022,MO095
MO024,MO004
MO024,MO013
MO024,MO026
MO024,MO025
MO025,MO024
MO025,MO042
MO025,MO049
MO025,MO022
MO025,MO095
MO026,MO013
MO026,MO024
MO026,MO025
MO026,MO065
MO026,MO068
MO027,MO031
MO027,MO051
MO027,MO078
MO027,MO082
MO027,MO110
MO028,MO029
MO028,MO039
MO028,MO081
MO028,MO113
MO030,MO012
MO030,MO036
MO030,MO037
MO030,MO057
MO030,MO062
MO031,MO027
MO031,MO051
MO031,MO078
MO031,MO082
MO032,MO130
MO032,MO074
MO032,MO093
MO032,MO107
MO032,MO114
MO033,MO064
MO033,MO069
MO033,MO075
MO033,MO098
MO033,MO103
MO036,MO030
MO036,MO056
MO036,MO057
MO036,MO062
MO036,MO071
MO037,MO012
MO037,MO030
MO037,MO036
MO037,MO057
MO037,MO108
MO038,MO007
MO038,MO047
MO039,MO028
MO039,MO029
MO039,MO032
MO039,MO081
MO039,MO113
MO041,MO013
MO041,MO014
MO041,MO025
MO041,MO063
MO041,MO026
MO044,MO022
MO044,MO042
MO044,KS036
MO044,MO049
MO045,MO006
MO045,MO048
MO045,MO061
MO045,MO070
MO045,MO095
MO046,MO025
MO046,MO096
MO046,MO101
MO046,MO102
MO047,MO007
MO047,MO008
MO047,MO038
MO047,MO052
MO047,MO077
MO048,MO025
MO048,MO045
MO048,MO070
MO048,MO095
MO049,CA040
MO049,IL013
MO049,DC001
MO049,TX146
MO049,WA022
MO050,MO001
MO050,MO054
MO050,MO083
MO050,MO091
MO050,MO094
MO051,MO027
MO051,MO029
MO051,MO031
MO051,MO078
MO051,MO082
MO052,MO047
MO052,MO077
MO056,MO036
MO056,MO057
MO056,MO071
MO056,MO083
MO056,MO094
MO057,MO016
MO057,MO036
MO057,MO037
MO057,MO056
MO057,MO030
MO058,MO001
MO058,MO050
MO058,MO083
MO058,MO090
MO058,MO094
MO059,MO015
MO059,MO064
MO059,MO009
MO059,MO112
MO059,MO110
MO061,MO005
MO061,MO048
MO061,MO070
MO062,MO036
MO062,MO037
MO062,MO057
MO062,MO083
MO062,MO108
MO063,MO024
MO063,MO026
MO063,MO014
MO063,MO065
MO063,MO068
MO064,MO033
MO064,MO059
MO064,MO075
MO064,MO098
MO064,MO112
MO065,MO004
MO065,MO024
MO065,MO025
MO065,MO063
MO065,MO026
MO066,MO021
MO066,MO054
MO066,MO058
MO066,MO085
MO066,MO094
MO069,MO033
MO069,MO064
MO069,MO075
MO069,MO098
MO069,MO103
MO070,MO045
MO070,MO048
MO071,MO002
MO071,MO030
MO071,MO036
MO071,MO057
MO071,MO062
MO072,MO017
MO072,MO032
MO072,MO130
MO072,MO107
MO072,MO114
MO075,MO033
MO075,MO064
MO075,MO069
MO075,MO098
MO075,MO103
MO076,MO009
MO076,MO015
MO076,MO112
MO076,MO099
MO076,MO110
MO077,MO007
MO077,MO038
MO077,MO047
MO077,MO008
MO077,MO089
MO078,MO027
MO078,MO031
MO078,MO025
MO078,MO082
MO078,MO094
MO079,MO004
MO079,MO055
MO079,MO060
MO079,MO084
MO080,MO018
MO080,MO044
MO080,KS036
MO080,MO049
MO080,MO022
MO081,MO020
MO081,MO039
MO081,MO059
MO081,MO095
MO081,MO106
MO083,MO036
MO083,MO050
MO083,MO056
MO083,MO085
MO083,MO094
MO084,MO054
MO084,MO060
MO084,MO066
MO084,MO079
MO084,MO094
MO085,MO001
MO085,MO021
MO085,MO058
MO085,MO066
MO085,MO094
MO087,MO043
MO087,MO059
MO087,MO107
MO087,MO114
MO087,MO093
MO088,AR060
MO091,MO021
MO091,MO050
MO091,MO054
MO091,MO090
MO091,MO094
MO093,MO017
MO093,MO032
MO093,MO130
MO093,MO107
MO093,MO114
MO094,MO050
MO094,MO054
MO094,MO058
MO094,MO084
MO094,MO085
MO099,MO015
MO099,MO046
MO099,MO076
MO099,MO112
MO099,MO110
MO100,MO025
MO100,MO036
MO100,MO040
MO100,MO049
MO100,MO108
MO101,MO046
MO101,MO096
MO101,MO102
MO102,CO085
MO102,MO049
MO102,KY032
MO102,MD004
MO102,WA022
MO105,MO083
MO105,MO094
MO106,MO005
MO106,MO022
MO106,MO049
MO106,MO095
MO108,MO002
MO108,MO100
MO108,MO036
MO108,MO037
MO108,MO040
MO112,MO046
MO112,MO059
MO112,MO015
MO112,MO099
MO112,MO110
MO113,MO028
MO113,MO029
MO113,MO039
MO113,MO081
MO114,MO032
MO114,MO130
MO114,MO072
MO114,MO074
MO114,MO107
MO130,MO032
MO130,MO107
MO130,MO114
MO132,MO024
MO132,MO025
MO132,MO026
MO132,MO035
MO132,MO013
MS014,MI018
MS014,MS091
MS014,MS085
MS014,MS089
MS014,MS088
MS025,MS014
MS025,MS085
MS025,MS086
MS025,MS089
MS025,MS090
MS087,MS014
MS087,MS085
MS087,MS086
MS087,MS089
MS087,MS090
MS090,MS025
MS090,MS085
MS090,MS086
MS090,MS087
MS090,MS091
MS091,MS025
MS091,MS086
MS091,MS087
MS091,MS090
MS091,MS088
MT001,MT005
MT001,MT017
MT001,MT024
MT001,MT027
MT001,MT030
MT010,MT012
MT010,MT034
MT010,MT056
MT010,MT051
MT012,MT010
MT012,MT014
MT012,MT026
MT012,MT044
MT012,MT056
MT016,MT017
MT016,MT027
MT016,MT034
MT016,MT056
MT021,MT034
MT021,MT043
MT026,MT023
MT026,MT027
MT026,MT034
MT026,MT016
MT026,MT047
MT027,MT016
MT027,MT017
MT027,MT034
MT027,MT044
MT027,MT056
MT029,MT016
MT030,MT013
MT030,MT024
MT030,MT001
MT031,MT018
MT031,MT012
MT031,MT042
MT031,MT044
MT031,MT045
MT034,OR009
MT034,MT016
MT034,MT017
MT034,MT027
MT034,MT056
MT040,MT001
MT040,MT051
MT043,MT026
MT043,MT034
MT044,MT027
MT045,MT012
MT048,MT011
MT048,MT012
MT048,MT044
MT048,MT045
MT048,MT053
MT051,MT019
MT051,MT029
MT051,MT039
MT051,MT052
MT051,MT053
MT052,MT008
MT052,MT039
MT052,MT051
MT055,MT007
MT055,MT014
MT055,MT012
MT055,MT042
NC001,NC093
NC001,NC031
NC001,NC036
NC001,NC021
NC001,NC060
NC002,NC043
NC002,NC012
NC002,NC084
NC004,NC015
NC004,NC020
NC004,NC033
NC004,NC060
NC004,NC084
NC005,NC093
NC005,NC013
NC005,NC065
NC005,NC083
NC005,NC085
NC007,NC003
NC007,NC021
NC007,NC037
NC007,NC047
NC007,NC067
NC009,NC010
NC009,NC038
NC009,NC039
NC009,NC051
NC009,NC078
NC010,NC009
NC010,NC041
NC010,NC049
NC010,NC012
NC010,NC071
NC012,NC010
NC012,NC014
NC012,NC071
NC012,NC078
NC012,NC082
NC014,NC093
NC014,NC012
NC014,NC021
NC014,NC060
NC014,NC074
NC015,NC031
NC015,NC004
NC015,NC081
NC016,NC017
NC016,NC089
NC016,NC038
NC016,NC044
NC016,NC050
NC019,NC026
NC019,NC057
NC019,NC068
NC020,NC093
NC020,NC085
NC020,NC057
NC020,NC068
NC020,NC083
NC021,NC093
NC021,NC011
NC021,NC014
NC021,NC050
NC021,NC060
NC024,NC004
NC024,NC029
NC024,NC035
NC024,NC025
NC024,NC066
NC026,NC019
NC026,NC020
NC026,NC057
NC026,NC063
NC026,NC068
NC027,NC004
NC027,NC015
NC027,NC035
NC027,NC060
NC027,NC081
NC031,NC014
NC031,NC018
NC031,NC060
NC031,NC070
NC031,NC071
NC032,NC005
NC032,NC042
NC032,NC093
NC033,NC001
NC033,NC093
NC033,NC039
NC033,NC021
NC033,NC060
NC034,NC005
NC034,NC020
NC034,NC048
NC034,NC065
NC034,NC083
NC035,NC011
NC035,NC027
NC035,NC053
NC035,NC060
NC035,NC081
NC036,NC028
NC036,NC040
NC036,NC056
NC036,MA210
NC036,NC085
NC039,NC009
NC039,NC021
NC039,NC050
NC039,NC060
NC039,NC074
NC040,NC093
NC041,NC037
NC041,NC045
NC041,NC055
NC041,NC021
NC041,NC068
NC042,NC093
NC042,NC005
NC042,NC013
NC042,NC020
NC042,NC057
NC043,NC011
NC043,NC053
NC043,NC014
NC043,NC060
NC043,NC070
NC045,NC020
NC045,NC021
NC045,NC033
NC045,NC060
NC045,NC081
NC046,NC020
NC046,NC028
NC046,NC042
NC046,NC048
NC046,NC082
NC047,NC015
NC047,NC037
NC047,NC041
NC047,NC055
NC047,NC021
NC048,NC020
NC048,NC046
NC048,NC065
NC048,NC068
NC048,NC083
NC049,NC010
NC049,NC021
NC049,NC060
NC049,NC063
NC049,NC065
NC051,NC017
NC051,NC050
NC051,NC079
NC052,NC093
NC052,NC033
NC052,NC036
NC052,NC045
NC054,NC021
NC054,NC037
NC054,NC041
NC054,NC055
NC054,NC067
NC057,NC008
NC057,NC020
NC057,NC035
NC057,NC093
NC057,NC063
NC058,NC028
NC058,NC036
NC058,NC040
NC058,NC093
NC058,NC082
NC060,NC009
NC060,NC037
NC060,NC064
NC060,NC065
NC062,NC005
NC062,NC034
NC062,NC020
NC063,NC008
NC063,NC009
NC063,NC026
NC063,NC059
NC063,NC068
NC064,NC001
NC064,NC027
NC064,NC037
NC064,NC060
NC064,NC085
NC065,NC005
NC065,NC021
NC065,NC051
NC065,NC093
NC065,NC060
NC066,NC015
NC066,NC024
NC066,NC035
NC066,NC060
NC066,NC064
NC067,NC004
NC067,NC008
NC067,NC031
NC067,NC043
NC067,NC021
NC068,NC020
NC068,NC037
NC068,NC093
NC068,NC057
NC068,NC083
NC069,NC001
NC069,NC029
NC069,NC035
NC069,NC064
NC069,NC067
NC070,NC060
NC071,NC093
NC071,NC004
NC071,NC039
NC071,NC060
NC072,NC019
NC072,NC037
NC072,NC045
NC072,NC057
NC072,NC063
NC073,NC003
NC073,NC021
NC073,NC037
NC073,NC067
NC073,NC068
NC074,NC093
NC074,NC014
NC074,NC021
NC074,NC060
NC074,NC080
NC076,NC093
NC076,NC015
NC076,NC029
NC076,NC060
NC076,NC084
NC078,NC012
NC078,NC089
NC078,NC051
NC078,NC004
NC078,NC071
NC081,NC027
NC081,NC029
NC081,NC035
NC081,NC045
NC081,NC053
NC082,NC046
NC082,NC012
NC084,NC024
NC084,NC025
NC084,NC029
NC084,NC004
NC084,NC076
NC085,NC033
NC085,NC020
NC085,NC060
NC085,NC063
NC085,NC083
NC086,NC004
NC086,NC025
NC086,NC075
NC086,NC076
NC086,NC084
NC088,NC017
NC088,NC089
NC088,NC038
NC088,NC044
NC088,NC050
NC089,NC016
NC089,NC017
NC089,NC044
NC089,NC050
NC089,NC079
ND002,ND004
ND002,ND006
ND002,ND003
ND003,ND004
ND003,ND002
ND003,ND018
ND004,ND002
ND004,ND006
ND004,ND007
ND004,NE010
ND005,ND001
ND005,ND010
ND005,ND004
ND006,ND015
ND006,ND016
ND006,ND017
ND006,ND019
ND006,ND020
ND007,ND002
ND007,ND004
ND007,ND018
ND007,ND021
ND008,ND003
ND008,ND025
ND008,ND012
ND008,ND002
ND008,ND023
ND009,ND001
ND009,MN015
ND009,ND006
ND009,MN041
ND009,WI068
ND010,ND002
ND010,ND005
ND010,ND004
ND011,ND004
ND011,ND006
ND011,ND009
ND011,ND026
ND011,ND022
ND012,ND002
ND013,ND024
ND013,ND011
ND013,ND009
ND013,ND026
ND013,ND022
ND014,ND024
ND014,ND003
ND014,ND009
ND014,ND013
ND014,ND022
ND015,ND006
ND015,ND016
ND015,ND017
ND015,ND019
ND015,ND020
ND016,ND006
ND016,ND015
ND016,ND017
ND016,ND019
ND016,ND020
ND017,ND006
ND017,ND015
ND017,ND016
ND017,ND019
ND017,ND020
ND018,ND004
ND018,ND007
ND018,ND009
ND018,ND011
ND018,ND021
ND019,ND006
ND019,ND015
ND019,ND016
ND019,ND017
ND019,ND020
ND020,ND009
ND020,ND006
ND020,ND015
ND020,ND016
ND020,ND017
ND021,ND007
ND021,ND018
ND022,ND024
ND022,ND009
ND022,ND013
ND022,ND014
ND022,ND016
ND023,ND003
ND023,ND008
ND023,ND002
ND025,ND003
ND025,ND008
ND025,ND012
ND025,ND002
ND025,ND023
ND026,ND024
ND026,ND011
ND026,ND009
ND026,ND013
ND026,ND027
ND027,ND024
ND027,ND011
ND027,ND013
ND027,ND026
ND027,ND022
ND028,ND003
ND028,ND006
ND028,ND009
ND028,ND004
ND028,ND002
NE003,NE008
NE003,NE024
NE003,IA101
NE004,NE010
NE004,NE029
NE005,NE022
NE005,NE014
NE005,NE027
NE005,NE020
NE005,NE032
NE008,NE025
NE008,NE026
NE008,NE024
NE008,NE029
NE008,NE018
NE012,NE010
NE012,NE025
NE012,NE008
NE012,NE026
NE014,NE004
NE014,NE022
NE014,NE008
NE014,NE010
NE014,NE025
NE019,NE027
NE020,NE005
NE020,NE022
NE020,NE014
NE020,NE027
NE020,NE031
NE022,NE014
NE022,NE026
NE022,NE018
NE024,NE022
NE024,NE008
NE024,NE027
NE024,IA101
NE024,NE020
NE026,NE008
NE026,NE025
NE026,NE027
NE026,NE012
NE026,NE031
NE027,NE005
NE027,NE022
NE027,NE008
NE027,NE024
NE027,NE020
NE028,NE004
NE028,MO049
NE028,NE010
NE028,NE027
NE029,NE005
NE029,NE008
NE029,NE018
NE029,NE031
NE030,NE010
NE030,NE025
NE030,CO043
NE030,NE027
NE030,NE031
NE031,NE026
NE031,NE027
NE031,NE029
NE031,NE020
NE031,NE030
NE032,NE022
NE032,NE008
NE032,NE027
NH008,MA043
NH008,NH010
NH008,MA330
NH010,NH008
NJ005,AZ008
NJ005,NJ080
NJ005,NJ083
NJ006,NJ029
NJ006,NJ005
NJ006,NJ074
NJ006,NJ080
NJ006,NJ106
NJ007,NJ063
NJ007,NJ070
NJ007,NJ086
NJ007,NJ092
NJ007,NJ113
NJ010,NJ009
NJ010,NJ042
NJ010,NJ063
NJ010,NJ070
NJ010,NJ122
NJ011,NJ125
NJ011,NJ012
NJ011,NJ064
NJ011,NJ144
NJ011,NJ036
NJ012,NJ063
NJ013,NJ125
NJ013,NJ011
NJ013,NJ146
NJ016,NJ035
NJ016,NJ059
NJ016,NJ135
NJ016,NJ144
NJ018,NJ060
NJ018,NJ023
NJ023,NJ140
NJ023,NJ018
NJ028,NJ139
NJ028,NJ083
NJ035,NJ058
NJ035,NJ059
NJ035,NJ063
NJ035,NJ135
NJ035,NJ073
NJ037,NJ005
NJ037,NJ029
NJ037,NJ031
NJ037,NJ080
NJ037,NJ031
NJ039,NJ009
NJ039,NJ022
NJ039,NJ145
NJ039,NJ095
NJ039,NJ142
NJ046,NJ007
NJ046,NJ001
NJ046,NJ063
NJ046,NJ095
NJ046,NJ113
NJ049,NJ131
NJ049,NJ043
NJ049,NJ139
NJ049,NJ128
NJ049,NJ131
NJ052,NJ008
NJ052,NJ039
NJ052,NJ058
NJ052,NJ086
NJ052,NJ095
NJ056,NJ064
NJ056,NJ135
NJ056,NJ077
NJ056,NJ021
NJ058,NJ035
NJ058,NJ063
NJ058,NJ073
NJ058,NJ095
NJ060,NJ047
NJ060,NJ054
NJ060,NJ069
NJ060,NJ140
NJ060,NJ018
NJ063,NJ058
NJ063,NJ073
NJ063,NJ035
NJ063,CT130
NJ063,NJ095
NJ064,NJ139
NJ064,NJ135
NJ064,"NJ021
"
NJ064,NJ121
NJ069,NJ145
NJ069,NJ140
NJ069,NJ142
NJ069,NJ121
NJ070,NJ035
NJ070,NJ063
NJ070,NJ144
NJ070,NJ007
NJ070,NJ089
NJ071,NJ145
NJ071,NJ039
NJ071,NJ117
NJ071,"NJ021
"
NJ071,NJ142
NJ073,NJ035
NJ073,NJ058
NJ073,NJ063
NJ073,NJ004
NJ073,NJ095
NJ074,NJ031
NJ074,NJ033
NJ074,NJ062
NJ074,NJ006
NJ074,NJ080
NJ077,NJ125
NJ077,NJ011
NJ077,NJ054
NJ077,NJ064
NJ077,NJ135
NJ079,NJ006
NJ079,NJ033
NJ079,NJ080
NJ080,NJ006
NJ080,NJ031
NJ080,NJ033
NJ080,NJ037
NJ080,NJ005
NJ083,NJ145
NJ083,NJ005
NJ083,NJ084
NJ083,NJ142
NJ084,NJ083
NJ085,NJ124
NJ085,NJ001
NJ085,NJ070
NJ085,NJ138
NJ085,NJ089
NJ089,NJ038
NJ089,NJ124
NJ089,NJ085
NJ089,NJ001
NJ089,NJ138
NJ095,NJ035
NJ095,NJ058
NJ095,NJ063
NJ105,NJ004
NJ105,NJ083
NJ105,NJ113
NJ109,NJ027
NJ109,NJ142
NJ109,NJ090
NJ109,"NJ021
"
NJ109,NJ120
NJ111,NJ125
NJ111,NJ011
NJ111,NJ013
NJ111,NJ146
NJ111,NJ999
NJ113,NJ046
NJ113,NJ004
NJ113,NJ073
NJ113,NJ083
NJ113,NJ105
NJ117,NJ145
NJ117,NJ022
NJ117,NJ140
NJ117,NJ073
NJ117,NJ142
NJ119,NJ022
NJ119,NJ060
NJ119,NJ069
NJ119,NJ143
NJ119,NJ092
NJ120,NJ117
NJ120,NJ109
NJ122,NJ009
NJ122,NJ063
NJ122,NJ070
NJ122,NJ075
NJ122,CT098
NJ125,NJ146
NJ128,NJ131
NJ128,NJ043
NJ128,NJ139
NJ128,NJ049
NJ128,NJ031
NJ130,NJ012
NJ130,NJ027
NJ130,"NJ021
"
NJ131,NJ139
NJ131,NJ049
NJ135,NJ059
NJ135,NJ144
NJ135,NJ035
NJ138,NJ038
NJ138,NJ124
NJ138,NJ085
NJ138,NJ001
NJ138,NJ089
NJ142,NJ145
NJ142,NJ071
NJ142,NJ083
NJ142,NJ086
NJ142,NJ117
NJ144,NJ035
NJ144,NJ054
NJ144,NJ059
NJ144,NJ063
NJ144,NJ089
NJ145,NJ008
NJ145,NJ073
NJ145,NJ083
NJ145,NJ084
NJ145,NJ142
NJ146,NJ011
NJ146,NJ013
NJ146,NJ036
NJ146,NJ999
NJ146,NJ996
NJ151,NJ033
NJ151,NJ006
NJ151,NJ080
NM014,TX236
NM014,TX167
NM054,NM011
NV001,NV007
NV001,NV002
NV002,NV007
NV002,ID003
NV002,NV001
NV007,NV001
NV007,NV002
NY004,NY006
NY004,NY018
NY004,NY030
NY004,NY014
NY004,NY058
NY005,NY011
NY005,NY025
NY005,NY032
NY005,NY052
NY007,NY024
NY007,NY045
NY007,NY046
NY007,NY048
NY007,NY059
NY008,NY003
NY008,NY011
NY008,NY025
NY010,NY019
NY010,NY047
NY011,NY005
NY011,NY022
NY011,NY025
NY011,NY032
NY011,NY052
NY012,NY003
NY012,NY015
NY012,NY035
NY012,NY039
NY012,NY044
NY013,NY037
NY013,NY053
NY013,NY057
NY015,NY009
NY015,NY020
NY015,NY028
NY015,NY016
NY015,NY039
NY016,NY009
NY016,NY020
NY016,NY015
NY018,NY004
NY018,NY006
NY018,NY028
NY018,NY030
NY018,NY058
NY020,NY009
NY020,NY016
NY020,NY017
NY020,NY015
NY020,NY043
NY021,NY017
NY021,NY027
NY021,NY031
NY021,NY035
NY021,NY044
NY022,NY005
NY022,NY011
NY022,NY023
NY023,NY011
NY023,NY022
NY023,NY031
NY023,NY032
NY023,NY047
NY024,NY025
NY024,NY045
NY024,NY048
NY024,NY051
NY027,NY003
NY027,NY017
NY027,NY021
NY027,NY043
NY027,NY044
NY031,NY003
NY031,NY015
NY031,NY025
NY031,NY039
NY032,NY014
NY032,NY020
NY032,NY025
NY032,NY001
NY032,NY036
NY034,NY004
NY034,NY006
NY034,NY028
NY034,NY030
NY034,NY058
NY035,NY015
NY035,NY021
NY035,NY012
NY035,NY039
NY035,NY044
NY036,NY011
NY036,NY025
NY036,NY032
NY039,NY015
NY039,NY030
NY039,NY001
NY039,NY043
NY039,NY052
NY041,NY001
NY041,NY015
NY041,NY039
NY041,NY043
NY041,NY055
NY043,NY003
NY043,NY001
NY043,NY039
NY043,NY041
NY043,NY054
NY044,NY021
NY044,NY026
NY044,NY027
NY044,NY035
NY044,NY043
NY045,NY007
NY045,NY059
NY045,NY033
NY045,NY046
NY045,NY048
NY046,NY059
NY046,NY033
NY046,NY045
NY046,NY048
NY046,NY056
NY047,NY022
NY047,NY023
NY048,NY059
NY048,NY033
NY048,NY045
NY048,NY046
NY048,NY056
NY050,NY013
NY050,NY028
NY050,NY040
NY050,NY053
NY050,NY057
NY054,NY009
NY054,NY017
NY054,NY015
NY054,NY041
NY054,NY055
NY056,NY059
NY056,NY033
NY056,NY045
NY056,NY046
NY056,NY048
OH001,OH017
OH001,OH025
OH001,OH060
OH001,OH064
OH001,OH116
OH003,OH009
OH003,OH029
OH003,OH063
OH003,OH066
OH003,OH109
OH004,OH161
OH004,OH085
OH004,OH091
OH004,OH022
OH004,OH132
OH009,OH066
OH009,OH094
OH009,OH003
OH009,OH143
OH009,OH149
OH020,OH060
OH020,OH060
OH020,OH096
OH020,KY040
OH020,OH025
OH022,OH033
OH022,OH037
OH022,OH132
OH022,OH160
OH022,OH141
OH023,OH161
OH023,OH062
OH023,OH153
OH023,OH132
OH023,OH140
OH026,OH029
OH026,OH033
OH026,OH044
OH026,OH082
OH026,OH037
OH027,OH024
OH027,OH040
OH027,OH084
OH027,OH118
OH027,OH145
OH028,OH025
OH028,OH031
OH028,OH060
OH028,OH064
OH028,OH145
OH031,OH025
OH031,OH057
OH031,OH064
OH031,OH028
OH031,OH145
OH033,OH025
OH033,OH040
OH033,OH049
OH033,OH060
OH033,OH037
OH034,"OH007
"
OH034,"OH006
"
OH034,OH054
OH034,OH091
OH034,OH103
OH035,OH065
OH035,OH078
OH035,OH106
OH035,OH111
OH035,OH153
OH036,OH040
OH036,OH066
OH036,OH086
OH036,OH141
OH036,OH151
OH037,OH029
OH037,OH060
OH037,OH085
OH037,OH092
OH037,OH033
OH039,OH050
OH039,OH063
OH039,OH066
OH039,OH119
OH039,OH149
OH040,OH027
OH040,OH049
OH040,OH066
OH040,OH092
OH040,OH145
OH042,OH161
OH042,OH159
OH042,OH133
OH044,OH037
OH044,OH060
OH044,OH082
OH044,OH085
OH044,OH092
OH048,OH003
OH048,OH063
OH048,OH066
OH048,OH126
OH048,OH150
OH049,OH040
OH049,OH092
OH049,OH033
OH049,OH141
OH049,OH149
OH050,OH033
OH050,OH039
OH050,OH040
OH050,OH119
OH050,OH160
OH051,OH033
OH051,OH036
OH051,OH066
OH051,OH040
OH051,OH150
OH054,"OH006
"
OH054,OH037
OH054,OH074
OH054,OH115
OH054,OH139
OH057,OH095
OH057,OH027
OH057,OH118
OH057,OH099
OH057,OH145
OH059,OH096
OH059,OH020
OH063,OH033
OH063,OH049
OH063,OH066
OH063,OH092
OH063,OH149
OH066,OH040
OH066,OH049
OH066,OH078
OH066,OH092
OH066,OH160
OH068,OH069
OH068,OH077
OH068,OH113
OH068,OH116
OH068,OH125
OH069,OH040
OH069,OH080
OH069,OH027
OH069,OH113
OH069,OH122
OH070,OH013
OH070,OH054
OH070,OH106
OH070,OH161
OH072,OH003
OH072,OH040
OH072,OH079
OH072,OH141
OH072,OH151
OH073,OH049
OH073,OH066
OH073,OH092
OH073,OH040
OH073,OH141
OH078,OH033
OH078,OH049
OH078,OH040
OH078,OH141
OH080,OH008
OH080,OH052
OH080,OH106
OH080,OH113
OH080,OH153
OH081,OH037
OH081,OH085
OH081,OH092
OH081,OH132
OH081,OH160
OH082,OH037
OH082,OH085
OH082,OH092
OH082,OH132
OH082,OH160
OH084,OH024
OH084,OH040
OH084,OH047
OH084,OH049
OH084,OH027
OH085,OH022
OH085,OH037
OH085,OH060
OH085,OH092
OH085,OH152
OH086,OH005
OH086,OH060
OH086,OH092
OH086,OH113
OH092,OH037
OH092,OH063
OH092,KS043
OH092,OH153
OH092,OH141
OH093,OH008
OH093,OH052
OH093,OH080
OH093,OH069
OH093,OH113
OH094,OH003
OH094,OH066
OH094,OH009
OH094,OH143
OH095,OH057
OH095,OH027
OH095,OH128
OH096,OH025
OH096,OH029
OH096,OH031
OH096,OH060
OH096,OH145
OH099,OH033
OH099,OH037
OH099,OH057
OH099,OH060
OH099,"OH145
"
OH100,OH023
OH100,OH106
OH101,OH049
OH101,OH073
OH101,OH040
OH101,OH109
OH106,OH058
OH106,OH080
OH106,OH111
OH106,OH113
OH106,"OH153
"
OH109,OH092
OH109,OH106
OH109,"OH150
"
OH110,OH050
OH110,OH063
OH110,OH039
OH110,OH119
OH110,OH149
OH113,OH049
OH113,OH052
OH113,OH080
OH113,OH092
OH113,OH037
OH115,OH074
OH115,OH082
OH115,OH085
OH115,OH160
OH115,OH139
OH116,OH052
OH116,OH080
OH116,OH077
OH116,OH113
OH116,OH122
OH118,OH027
OH118,OH057
OH118,OH095
OH118,OH129
OH118,OH145
OH119,OH039
OH119,OH050
OH119,OH063
OH119,OH003
OH119,OH149
OH124,OH066
OH124,OH045
OH124,OH109
OH124,OH126
OH124,OH150
OH125,OH080
OH125,OH077
OH125,OH113
OH125,OH116
OH125,OH122
OH126,OH003
OH126,OH039
OH126,OH063
OH126,OH066
OH126,OH149
OH128,OH051
OH128,OH086
OH130,OH020
OH130,OH060
OH130,OH107
OH130,OH025
OH130,OH145
OH132,OH022
OH132,OH161
OH132,OH074
OH132,OH115
OH132,OH160
OH139,OH085
OH139,OH160
OH139,OH146
OH140,OH074
OH140,OH078
OH140,OH085
OH140,OH092
OH140,OH103
OH141,OH049
OH141,OH066
OH141,OH157
OH141,OH092
OH141,OH149
OH143,OH003
OH143,OH009
OH143,OH083
OH143,OH094
OH143,OH110
OH145,OH029
OH145,OH031
OH145,OH040
OH145,OH027
OH145,OH118
OH147,WV019
OH147,OH087
OH147,WV023
OH147,WV030
OH147,OH106
OH149,OH039
OH149,OH063
OH149,OH066
OH149,OH092
OH149,OH141
OH151,OH036
OH151,OH066
OH151,OH157
OH151,OH150
OH151,OH126
OH152,OH022
OH152,OH161
OH152,OH085
OH152,OH139
OH152,OH146
OH153,OH033
OH153,OH049
OH153,OH060
OH153,OH080
OH153,OH037
OH157,OH033
OH157,OH040
OH157,OH049
OH157,OH160
OH157,OH141
OH159,OH022
OH159,OH042
OH159,OH085
OH159,OH161
OH159,OH146
OH160,OH025
OH160,OH049
OH160,OH092
OH160,OH115
OH160,WA022
OK001,OK007
OK001,OK061
OK004,OK010
OK004,OK014
OK004,OK042
OK004,OK061
OK004,OK063
OK005,OK009
OK005,OK010
OK005,OK016
OK005,OK069
OK005,OK077
OK010,OK034
OK010,OK035
OK010,OK043
OK010,OK045
OK010,OK055
OK011,OK014
OK011,WA008
OK011,KS048
OK011,OK016
OK011,CA041
OK018,OK014
OK018,WA008
OK018,KS048
OK018,OK016
OK018,CA041
OK021,OK014
OK021,WA008
OK021,KS048
OK021,OK016
OK021,CA041
OK024,IL009
OK024,OK014
OK024,OK042
OK024,OK066
OK024,OK077
OK025,OK014
OK025,OK047
OK025,OK010
OK025,OK062
OK027,IL009
OK027,OK042
OK027,OH029
OK027,TX185
OK027,OK077
OK032,OK010
OK032,OK014
OK032,OK016
OK032,OK018
OK032,OK077
OK033,OK010
OK033,OK014
OK033,OK042
OK033,OK016
OK033,OK077
OK034,OK035
OK034,OK043
OK034,OK045
OK034,OK010
OK035,OK034
OK035,OK043
OK035,OK045
OK035,OK010
OK038,OK009
OK038,OK014
OK038,OK072
OK040,OK007
OK040,OK061
OK043,OK034
OK043,OK035
OK043,OK045
OK043,OK010
OK045,OK007
OK045,OK034
OK045,OK035
OK045,OK043
OK045,OK010
OK046,OK014
OK046,WA008
OK046,KS048
OK046,OK016
OK046,CA041
OK050,OK014
OK050,OK047
OK050,OK010
OK050,OK062
OK051,OK014
OK051,WA008
OK051,CA041
OK053,OK010
OK053,OK014
OK053,OK061
OK053,OK063
OK055,MO049
OK055,OK072
OK056,OK016
OK056,OK014
OK056,OK077
OK058,OK014
OK058,WA008
OK058,KS048
OK058,OK016
OK058,CA041
OK059,OK010
OK059,OK016
OK059,OK040
OK059,OK014
OK059,OK061
OK063,OK014
OK063,OK077
OK069,OK014
OK069,OK016
OK069,OK042
OK069,OK010
OK070,OK014
OK070,OK016
OK070,OK061
OK070,OK063
OK071,OK009
OK071,OK010
OK071,OK016
OK071,OK069
OK071,OK077
OK072,OK055
OK073,OK046
OK073,OK060
OK076,OK010
OK076,OK014
OK076,OK061
OK076,OK063
OK077,OK010
OK077,OK014
OK077,OK061
OK077,OK063
OR001,OR034
OR001,OR007
OR001,OR028
OR003,WA025
OR003,OR022
OR003,OR024
OR003,OR031
OR004,OR001
OR004,OR005
OR004,OR007
OR004,OR026
OR004,OR031
OR005,OR004
OR005,OR021
OR005,OR024
OR005,OR026
OR005,OR031
OR006,OR002
OR007,OR009
OR007,OR024
OR007,OR002
OR009,OR007
OR009,OR015
OR009,MT027
OR009,MT034
OR012,OR013
OR012,OR023
OR012,OR007
OR012,OR027
OR012,OR028
OR014,OR028
OR014,OR007
OR014,OR015
OR014,WA034
OR014,OR030
OR015,OR002
OR015,OR009
OR015,OR014
OR015,OR024
OR015,OR007
OR016,OR006
OR016,OR008
OR016,OR035
OR018,OR034
OR019,OR009
OR019,OR024
OR019,OR002
OR019,OR031
OR022,OR009
OR022,OR021
OR022,OR002
OR022,OR033
OR023,OR028
OR023,OR014
OR023,OR020
OR023,OR030
OR023,OR027
OR024,OR003
OR024,WA025
OR024,WA022
OR024,OR031
OR025,OR015
OR025,OR022
OR025,OR033
OR027,O035
OR027,OR028
OR027,WA030
OR027,OR033
OR028,OR002
OR028,OR003
OR028,OR007
OR028,OR023
OR028,OR027
OR031,OR003
OR031,WA025
OR031,OR005
OR031,OR019
OR031,OR024
OR032,OR004
OR032,OR012
OR032,OR015
OR032,OR007
OR033,OR021
OR033,OR024
OR033,OR002
OR033,OR031
OR034,OR001
OR034,OR028
OR034,OR029
PA001,PA007
PA001,PA016
PA002,PA003
PA002,PA004
PA002,PA005
PA002,PA012
PA002,PA016
PA005,PA001
PA005,PA002
PA005,PA004
PA005,PA007
PA005,PA012
PA007,NY004
PA007,NY006
PA007,PA001
PA012,PA004
PA012,PA005
PA012,PA007
PA012,PA001
PA012,PA016
PA014,PA003
PA014,PA002
PA015,PA001
PA015,PA013
PA015,PA063
PA015,PA007
PA015,PA019
PA021,PA001
PA021,PA007
PA021,PA013
PA021,PA063
PA021,PA019
PA023,PA001
PA023,PA003
PA023,PA005
PA023,PA007
PA023,PA002
PA063,PA003
PA063,PA002
PA063,PA014
SC101,VA031
SC101,NY031
SC102,SC103
SC102,SC101
SC102,SC104
SD077,SD079
SD077,SD080
SD077,SD081
SD077,SD078
SD077,SD082
SD081,SD077
SD081,SD080
SD081,SD083
SD081,SD006
SD081,SD078
TN001,TN067
TN001,TN078
TN001,TN084
TN001,TN007
TN002,TN054
TN002,TN056
TN002,TN061
TN002,TN062
TN002,TN032
TN003,TN018
TN003,TN039
TN003,TN042
TN003,TN089
TN003,TN031
TN005,TN001
TN005,TN078
TN005,TN081
TN005,TN084
TN005,TN101
TN007,TN036
TN007,TN084
TN007,TN001
TN008,TN019
TN008,TN047
TN008,TN058
TN008,TN072
TN008,TN076
TN009,TN018
TN009,TN039
TN009,TN042
TN009,TN089
TN009,TN031
TN010,TN034
TN010,TN037
TN010,TN040
TN010,TN092
TN010,TN096
TN012,TN023
TN012,TN068
TN012,TN079
TN012,TN081
TN012,TN088
TN013,IN017
TN013,TN038
TN013,TN041
TN013,TN043
TN013,TN071
TN016,TN001
TN016,TN033
TN016,TN036
TN016,TN067
TN016,TN005
TN018,TN031
TN018,TN041
TN019,TN047
TN019,TN072
TN019,TN076
TN019,TN095
TN020,IL009
TN020,AL038
TN020,TN051
TN020,TN019
TN020,TN066
TN022,TN047
TN022,TN072
TN022,TN076
TN022,TN095
TN022,TN099
TN028,TN089
TN032,KY133
TN032,TN062
TN033,TN007
TN033,TN036
TN033,TN067
TN033,TN103
TN033,TN084
TN036,TN001
TN036,TN027
TN036,TN033
TN036,TN078
TN036,TN084
TN038,TN041
TN038,TN043
TN039,TN018
TN039,TN028
TN039,TN031
TN039,TN009
TN039,TN098
TN040,TN010
TN040,TN034
TN040,TN087
TN040,TN092
TN040,TN096
TN041,TN031
TN041,TN042
TN041,AL042
TN041,TN003
TN041,TN101
TN042,TN031
TN042,TN039
TN042,TN043
TN042,TN071
TN042,TN089
TN043,TN018
TN043,TN039
TN043,TN042
TN043,TN089
TN043,TN031
TN045,TN068
TN045,TN081
TN046,TN068
TN046,TN081
TN046,TN086
TN046,TN088
TN046,TN101
TN048,TN011
TN048,TN051
TN048,TN066
TN048,TN087
TN048,TN108
TN049,TN001
TN049,TN027
TN049,TN067
TN049,TN078
TN049,TN084
TN050,TN034
TN050,TN037
TN050,TN040
TN050,TN092
TN050,TN096
TN053,TN013
TN053,TN031
TN053,TN068
TN053,TN003
TN053,TN101
TN054,TN002
TN054,TN056
TN054,TN061
TN054,TN062
TN054,TN032
TN055,TN054
TN055,TN056
TN055,TN061
TN055,TN062
TN057,TN001
TN057,TN036
TN057,TN063
TN057,TN078
TN057,TN084
TN058,TN019
TN058,TN072
TN058,TN076
TN058,TN099
TN058,TN101
TN060,TN004
TN060,TN006
TN060,TN035
TN060,TN063
TN061,TN002
TN061,TN054
TN061,TN056
TN061,TN062
TN061,TN032
TN062,TN054
TN062,TN100
TN064,TN018
TN064,TN028
TN064,TN009
TN064,TN098
TN066,TN011
TN066,TN047
TN066,TN051
TN066,TN020
TN066,TN019
TN067,TN001
TN067,TN005
TN067,TN007
TN067,TN078
TN067,TN084
TN068,CA045
TN068,KY008
TN068,LA045
TN068,TN081
TN068,CA041
TN070,TN005
TN070,TN010
TN070,TN057
TN070,TN081
TN070,TN084
TN073,TN054
TN073,TN056
TN073,TN061
TN073,TN062
TN078,TN001
TN078,TN005
TN078,TN057
TN078,TN081
TN078,TN084
TN081,TN020
TN081,TN068
TN081,TN088
TN081,TN100
TN081,TN101
TN084,TN001
TN084,TN033
TN084,TN036
TN084,TN067
TN084,TN005
TN085,TN047
TN085,TN072
TN085,TN076
TN085,TN099
TN085,TN101
TN086,TN068
TN086,TN101
TN089,TN013
TN089,TN031
TN089,TN052
TN089,TN003
TN089,TN101
TN090,TN068
TN090,TN081
TN090,TN088
TN090,TN100
TN090,TN101
TN092,TN010
TN092,TN034
TN092,TN040
TN092,TN103
TN092,TN096
TN094,TN047
TN094,TN072
TN094,TN076
TN094,TN019
TN094,TN095
TN095,TN019
TN095,TN047
TN095,TN058
TN095,TN072
TN095,TN076
TN096,TN010
TN096,TN034
TN096,TN103
TN096,TN092
TN097,TN002
TN097,TN056
TN097,TN061
TN097,TN062
TN097,TN032
TN099,TN019
TN099,TN047
TN099,TN058
TN099,TN072
TN099,TN076
TN100,TN023
TN100,TN068
TN100,TN081
TN100,TN088
TN100,TN101
TN101,TN068
TN101,TN081
TN101,TN088
TN101,TN090
TN101,TN100
TX001,TX007
TX001,TX190
TX001,TX236
TX001,TX146
TX001,TX184
TX003,TX007
TX003,TX144
TX003,TX236
TX003,TX146
TX003,TX184
TX007,TX010
TX007,TX144
TX007,TX171
TX007,TX236
TX007,TX146
TX009,TX137
TX009,TX146
TX009,TX163
TX009,TX143
TX009,TX168
TX010,TX112
TX010,TX115
TX010,TX144
TX010,TX120
TX010,TX183
TX111,TX135
TX111,TX144
TX111,TX137
TX111,TX184
TX112,TX120
TX112,TX179
TX112,TX010
TX112,TX183
TX112,TX184
TX115,TN002
TX115,TX247
TX115,TX125
TX120,TX131
TX120,TX144
TX120,TX164
TX120,TX179
TX120,TX184
TX122,TX190
TX122,TX140
TX122,TX171
TX122,TX236
TX122,TX131
TX123,TX242
TX123,TX159
TX123,TX171
TX123,TX122
TX123,TX185
TX131,TX189
TX131,TX122
TX131,TX190
TX131,TX236
TX131,TX144
TX133,TX003
TX133,TX170
TX133,TX160
TX134,TX190
TX134,TX171
TX134,TX007
TX134,TX007
TX134,TX146
TX135,TX137
TX135,TX162
TX135,TX240
TX135,TX144
TX135,TX146
TX137,TX146
TX137,TX135
TX137,TX144
TX144,TX007
TX144,TX135
TX144,AZ008
TX144,TX236
TX144,WA022
TX146,TX190
TX146,TX236
TX146,TX007
TX146,TX144
TX153,TX115
TX153,TX125
TX153,TX134
TX153,TX145
TX153,TX171
TX155,TX189
TX155,TX144
TX155,TX236
TX155,TX184
TX155,TX185
TX162,TX146
TX162,TX240
TX162,TX137
TX162,TX144
TX162,TX007
TX166,TX189
TX166,TX175
TX166,TX155
TX168,TX144
TX168,TX151
TX168,TX163
TX168,TX009
TX170,TX003
TX170,TX160
TX170,TX133
TX177,TX001
TX177,TX113
TX177,TX184
TX179,TX004
TX179,TX120
TX179,TX144
TX179,TX146
TX179,TX184
TX181,TX240
TX183,TX112
TX183,TX236
TX183,TX010
TX183,TX184
TX183,TX185
TX185,TX010
TX185,TX014
TX213,TX007
TX213,TX123
TX213,TX172
TX213,TX242
TX224,TX193
TX224,TX137
TX224,TX162
TX224,TX144
TX224,TX146
TX236,TX190
TX236,TX131
TX236,TX144
TX236,TX146
TX236,TX184
UT001,UT005
UT001,UT007
UT001,UT006
UT001,UT012
UT001,UT003
UT003,UT007
UT003,UT001
UT003,UT004
UT003,UT006
UT003,UT012
UT004,UT002
UT004,UT001
UT004,UT006
UT004,UT008
UT004,UT012
UT008,UT001
UT008,UT004
UT008,UT006
UT008,UT009
UT008,UT011
UT009,UT001
UT009,UT003
UT009,UT006
UT009,UT008
UT009,UT012
UT010,UT007
UT010,UT001
UT010,UT004
UT010,UT006
UT010,UT008
UT011,UT001
UT011,UT003
UT011,UT006
UT011,UT008
UT011,UT010
UT012,UT001
UT012,UT003
UT012,UT004
UT012,UT006
UT012,UT008
UT013,UT005
UT013,UT003
UT013,UT004
UT013,UT008
UT013,UT011
VA001,VA025
VA001,VA069
VA001,VA114
VA001,VA078
VA025,VA001
VA025,VA069
VA025,VA114
VA025,VA078
VA025,VA104
VA031,VA065
VA031,VA130
VA031,VA135
VA036,VA003
VA036,VA008
VA036,VA057
VA036,VA082
VA045,VA026
VA045,VA117
VA045,VA086
VA052,VA001
VA052,VA114
VA052,VA025
VA052,VA069
VA052,VA100
VA078,VA001
VA078,CA041
VA078,VA069
VA078,VA086
VA078,VA104
VA084,VA026
VA084,VA117
VA084,VA086
VA084,VA082
VA086,VA003
VA086,VA026
VA086,VA045
VA086,VA117
VA086,VA078
VA100,VA025
VA110,VA078
VA110,VA086
VA110,VA134
VA110,VA025
VA110,VA104
VA117,VA026
VA117,VA086
VA117,VA045
VA127,VA003
VA127,VA070
VA127,VA134
VA127,VA114
VA127,VA128
VA129,VA026
VA129,VA052
VA129,VA133
VA129,VA078
VA129,VA135
VA130,VA128
VA130,VA065
VA130,VA031
VA130,TN087
VA130,VA135
VA131,VA065
VA131,VA130
VA131,VA135
VA133,VA117
VA133,VA086
VA133,VA129
VA135,ID003
VA135,OK072
VA135,WA025
VT001,VT005
VT001,VT006
VT001,VT007
VT001,VT011
VT001,VT014
VT003,VT002
VT003,VT006
VT003,VT009
VT003,VT010
VT006,VT001
VT006,VT005
VT006,VT007
VT006,VT009
VT006,VT011
VT009,VT001
VT009,VT002
VT009,VT006
VT009,VT007
VT009,VT011
VT014,VT002
VT014,VT003
VT014,VT006
VT014,VT009
VT014,VT010
WA001,WA007
WA001,WA016
WA001,WA018
WA001,WA026
WA001,WA010
WA002,WA009
WA002,WA026
WA002,WA033
WA002,WA030
WA002,WA032
WA003,WA034
WA003,WA018
WA003,WA026
WA003,WA033
WA003,WA030
WA004,WA027
WA004,WA022
WA004,WA024
WA004,WA031
WA004,WA033
WA006,WA011
WA006,WA004
WA006,WA017
WA006,WA028
WA006,WA013
WA007,WA018
WA007,WA026
WA007,WA009
WA007,WA030
WA008,WA025
WA008,WA015
WA008,WA020
WA008,WA011
WA009,WA007
WA009,WA016
WA009,WA018
WA009,WA026
WA009,WA030
WA010,WA014
WA010,WA019
WA010,WA024
WA010,WA026
WA010,WA005
WA011,WA008
WA011,WA017
WA011,WA020
WA011,WA015
WA011,WA031
WA013,WA011
WA013,WA004
WA013,WA015
WA013,WA028
WA013,WA006
WA014,WA005
WA014,WA010
WA014,WA033
WA015,WA008
WA015,WA017
WA015,WA020
WA015,WA028
WA015,WA011
WA016,WA001
WA016,WA010
WA016,WA018
WA016,WA028
WA016,WA026
WA017,WA011
WA017,WA015
WA017,WA028
WA017,WA004
WA018,WA005
WA018,WA009
WA018,WA010
WA018,WA019
WA018,WA016
WA020,WA008
WA020,WA015
WA020,WA017
WA020,WA011
WA021,WA012
WA021,WA023
WA023,WA012
WA023,WA004
WA023,WA026
WA023,WA024
WA023,WA031
WA024,WA025
WA024,WA004
WA024,WA027
WA024,WA022
WA024,WA031
WA025,ID003
WA025,WA022
WA025,WA038
WA025,WA024
WA025,OR031
WA026,MA043
WA026,OH029
WA026,FL056
WA026,WA024
WA026,WA022
WA027,WA025
WA027,WA004
WA027,WA022
WA027,WA024
WA029,WA015
WA029,WA020
WA029,WA025
WA030,WA007
WA030,WA009
WA030,WA034
WA030,WA018
WA030,OR027
WA031,WA005
WA031,WA025
WA031,WA026
WA031,WA023
WA031,WA024
WA032,WA007
WA032,WA018
WA032,WA030
WA032,WA033
WA033,WA005
WA033,TN068
WA033,WA022
WA033,WA024
WA033,WA026
WA034,WA016
WA034,WA018
WA034,WA028
WA034,WA033
WA034,WA030
WA038,WA034
WA038,WA025
WA038,WA029
WI001,WI032
WI001,WI041
WI001,WI052
WI001,WI075
WI001,WI094
WI002,WI011
WI002,WI053
WI002,WI057
WI002,WI064
WI002,WI115
WI004,WI050
WI004,WI067
WI004,WI068
WI004,WI082
WI004,WI023
WI008,WI065
WI008,WI095
WI009,WI023
WI009,WI038
WI009,WI058
WI009,WI068
WI010,WI021
WI010,WI068
WI011,WI002
WI011,WI113
WI011,WI064
WI011,WI094
WI011,WI115
WI012,WI004
WI012,WI022
WI012,WI067
WI012,WI068
WI012,WI023
WI015,WI029
WI015,WI036
WI015,WI045
WI015,WI072
WI015,WI086
WI016,WI042
WI018,WI007
WI018,WI002
WI018,WI053
WI018,WI061
WI018,WI062
WI019,WI001
WI019,WI040
WI019,WI041
WI019,WI075
WI019,WI091
WI020,WI025
WI020,WI032
WI020,WI051
WI020,WI043
WI020,WI049
WI021,WI004
WI021,WI023
WI021,WI038
WI021,WI067
WI021,WI068
WI022,WI044
WI022,MN032
WI022,WI058
WI022,WI067
WI022,WI004
WI023,WI047
WI023,WI042
WI023,WI090
WI023,WI068
WI023,WI100
WI024,WI037
WI024,WI051
WI024,WI087
WI024,WI026
WI024,WI100
WI025,WI002
WI025,WI007
WI025,WI032
WI025,WI115
WI025,WI115
WI026,WI046
WI026,WI050
WI026,WI062
WI026,WI068
WI026,WI100
WI029,WI015
WI029,WI045
WI029,WI072
WI029,WI086
WI029,WI036
WI031,WI001
WI031,WI036
WI031,WI041
WI031,WI073
WI031,WI091
WI032,WI001
WI032,WI002
WI032,WI068
WI032,WI100
WI032,WI115
WI033,WI027
WI033,WI034
WI033,WI080
WI033,WI096
WI033,WI060
WI034,WI092
WI034,WI095
WI034,WI096
WI034,WI027
WI034,WI115
WI035,WI034
WI035,WI080
WI035,WI081
WI035,WI096
WI035,WI027
WI036,WI031
WI036,WI045
WI036,WI072
WI036,WI086
WI036,WI029
WI038,WI009
WI038,WI106
WI038,WI044
WI038,WI058
WI040,WI019
WI040,WI047
WI040,WI073
WI040,WI075
WI040,WI091
WI042,WI001
WI042,WI114
WI042,ID004
WI042,WI095
WI042,WI016
WI043,WI007
WI043,WI020
WI043,WI032
WI043,WI064
WI043,WI051
WI044,WI042
WI044,WI058
WI044,WI085
WI044,WI086
WI044,WI023
WI045,WI015
WI045,WI036
WI045,WI072
WI045,WI086
WI045,WI029
WI046,WI050
WI046,WI070
WI046,WI084
WI046,WI062
WI046,WI100
WI047,CA001
WI047,WI023
WI049,WI002
WI049,WI051
WI049,WI064
WI049,WI094
WI049,WI078
WI050,WI041
WI050,WI062
WI050,WI069
WI050,WI100
WI050,WI115
WI051,WI011
WI051,WI024
WI051,WI032
WI051,WI061
WI051,WI049
WI052,WI001
WI052,WI041
WI052,WI032
WI053,WI018
WI053,WI070
WI053,WI078
WI053,WI002
WI058,WI023
WI058,WI038
WI058,WI041
WI058,WI068
WI058,WI044
WI061,WI018
WI061,WI032
WI061,WI113
WI061,WI051
WI062,IL038
WI062,WA022
WI062,WI050
WI062,WI100
WI064,WI007
WI064,WI011
WI064,WI053
WI064,WI002
WI064,WI115
WI066,WI068
WI066,WI023
WI066,WI100
WI067,WI013
WI067,WI023
WI067,WI041
WI067,WI082
WI067,WI068
WI068,WI096
WI068,WI023
WI068,WI082
WI068,WI067
WI068,WI100
WI069,WI046
WI069,WI050
WI069,WI062
WI069,WI087
WI069,WI100
WI070,WI069
WI070,WI076
WI070,WI084
WI070,WI003
WI070,WI100
WI073,WI047
WI073,WI031
WI073,WI044
WI073,WI050
WI073,WI040
WI074,WI004
WI074,WI044
WI074,WI067
WI074,WI068
WI074,WI023
WI075,WI014
WI075,WI047
WI075,WI041
WI075,WI072
WI075,WI001
WI076,WI005
WI076,WI024
WI076,WI070
WI076,WI089
WI076,WI003
WI078,WI025
WI078,WI113
WI078,WI115
WI080,WI008
WI080,WI060
WI080,WI042
WI080,WI096
WI081,WI035
WI081,WI060
WI081,WI080
WI084,WI003
WI084,WI005
WI084,WI037
WI084,WI076
WI084,WI070
WI085,WI023
WI085,WI038
WI085,WI068
WI085,WI082
WI085,WI044
WI086,WI015
WI086,WI036
WI086,WI058
WI086,WI072
WI086,WI029
WI087,WI024
WI087,WI026
WI087,WI037
WI087,WI101
WI087,WI062
WI089,WI004
WI089,WI005
WI089,WI010
WI089,WI076
WI089,WI068
WI091,WI014
WI091,WI019
WI091,WI040
WI091,WI041
WI091,WI047
WI092,WI034
WI092,WI042
WI092,WI095
WI092,WI096
WI092,WI057
WI093,WI007
WI093,WI064
WI093,WI094
WI093,WI115
WI095,WI034
WI095,WI096
WI095,WI068
WI095,WI042
WI095,WI100
WI096,WI034
WI096,WI042
WI096,WI068
WI096,WI095
WI096,WI100
WI100,WI023
WI100,WI062
WI100,WI068
WI100,WI050
WI113,WI050
WI113,WI064
WI113,WI002
WI113,WI115
WI114,WI057
WI114,WI016
WI114,WI042
WI114,WI065
WI114,WI095
WI115,WI011
WI115,WI053
WI115,WI064
WI115,WI078
WI115,WI002
WI117,WI027
WI117,WI057
WI117,WI114
WI117,WI078
WI117,WI115
WV001,WV041
WV001,WV016
WV001,WV030
WV001,WV022
WV001,WV039
WV003,WV006
WV003,WV019
WV003,WV039
WV003,WV016
WV003,WV038
WV004,WV033
WV005,OH013
WV005,WV014
WV005,OH070
WV005,WV023
WV005,WV047
WV009,MD009
WV009,WV019
WV009,KY026
WV009,WV030
WV009,WV033
WV010,WV016
WV010,WV022
WV010,WV045
WV010,WV033
WV010,WV039
WV011,WV034
WV011,WV039
WV011,WV028
WV011,WV038
WV012,WV002
WV012,WV031
WV012,WV033
WV012,WV040
WV012,WV006
WV015,WV011
WV015,WV013
WV015,WV034
WV015,WV028
WV015,WV038
WV016,WV006
WV016,WV019
WV016,WV036
WV016,WV022
WV016,WV030
WV017,WV006
WV017,WV002
WV017,WV039
WV017,WV019
WV017,WV024
WV019,WV007
WV019,WV016
WV019,WV017
WV019,WV006
WV019,WV030
WV021,WV017
WV021,WV003
WV021,WV006
WV022,WV016
WV022,WV030
WV024,WV006
WV024,WV017
WV024,WV044
WV027,WV006
WV027,WV017
WV027,WV047
WV027,WV019
WV028,WV013
WV028,WV016
WV028,WV022
WV028,WV015
WV028,WV038
WV030,WV008
WV030,WV036
WV030,WV041
WV030,WV016
WV030,WV022
WV031,WV002
WV031,WV012
WV033,WV016
WV033,WV022
WV033,WV039
WV033,WV045
WV033,WV004
WV035,WV034
WV035,WV028
WV036,WV030
WV036,WV016
WV036,WV022
WV039,WV033
WV039,WV016
WV039,WV038
WV044,WV006
WV044,WV016
WV044,WV022
WV046,WV005
WV046,WV013
WV046,WV023
WV046,WV047
WV047,OH013
WV047,WV013
WV047,WV023
WV047,WV046
WV047,WV005
WV050,WV003
WV050,OH077
WV050,WV024
WV050,WV006
WV050,WV044
WY001,WY010
WY001,WY015
WY001,WY022
WY002,WY011
WY002,WY023
WY002,WY004
WY002,WY007
WY002,WY017
WY004,WY005
WY004,WY019
WY005,WY004
WY005,WY019
WY005,WY020
WY007,WY023
WY007,WY002
WY007,WY003
WY007,WY006
WY007,WY017
WY008,WY049
WY008,WY021
WY008,WY005
WY008,WY022
WY015,WY008
WY015,WY010
WY015,WY021
WY015,WA032
WY015,WY022
WY017,WY011
WY017,WY003
WY017,WY006
WY019,WY004
WY019,WY005
WY020,WY004
WY020,WY005
WY022,WY003
WY022,WY008
WY022,WY010
WY022,WY015
